duration_s,total_packets,total_bytes,src_packet_rate,dst_packet_rate,byte_rate,mean_packet_bytes,packet_ratio,byte_ratio,dst_port,label
0.8728554165834689,33,2848.8413401578796,24.19591996014904,13.611028788784218,3263.8181376118578,86.32852545932968,1.010479388514114,0.5397613799464527,22,SIM_ATTACK
1.5021266113810914,13,1172.4941624060418,6.482144297943989,2.1722526759885117,780.556148544644,90.1918586466186,1.40760635025093,1.4795340666408996,443,NORMAL
0.3166248258125459,35,326.0967130618436,51.692295287517965,58.848626164804756,1029.9151755551393,9.317048944624103,0.6474867031912335,0.46723431489498307,22,SIM_ATTACK
2.8014834634634074,10,3014.789277079958,1.980110857271197,1.5894265433305677,1076.1403079470067,301.4789277079958,0.8616639954142845,1.0709351336839505,443,NORMAL
2.2935764737925224,38,7255.527496722192,10.9663945898645,5.6016163023842545,3163.4120682816742,190.9349341242682,1.0548976084067487,0.5295332481466289,22,SIM_ATTACK
1.696179993887157,35,6310.688001833307,11.748996748418726,8.885605785590688,3720.529675256353,180.30537148095164,1.1564194836666408,0.4095553338486137,3389,SIM_ATTACK
1.600225781042533,14,1828.4555539679977,4.466042248716883,4.282723185420243,1142.6234820293764,130.60396814057125,1.171061773985919,0.7457511448650506,80,NORMAL
1.109597680512344,44,4478.124547102225,18.422340685492454,21.231671550441117,4035.809217836957,101.77555788868693,1.7139345440246592,0.8579107522317816,80,SIM_ATTACK
1.4868705624651741,15,3448.9421645482803,6.384348598686563,3.7039538929106737,2319.5981221324787,229.929477636552,1.1369425284859147,0.5857319259738604,443,NORMAL
1.4357241389788198,39,6976.616146422596,14.351530070014862,12.812462608787163,4859.3012801086,178.8875934980153,0.7602365111794475,1.1339374934549495,22,SIM_ATTACK
0.8714723637863956,8,712.4220781456705,4.635301127035617,4.544565421160351,817.4924504207119,89.05275976820882,0.4860955659341115,2.094725952697892,443,NORMAL
2.128314706434464,38,2102.1634519492277,12.273444219963462,5.581058164066423,987.7126938012626,55.32009084076915,0.7008206430430964,1.788423929795909,80,SIM_ATTACK
1.2563166815477114,36,4505.926183169936,16.292585631150317,12.362609773602273,3586.616534947931,125.16461619916488,1.359839512683235,0.5791463617818423,443,SIM_ATTACK
1.429319191886508,17,860.882563185625,5.478473045419622,6.4153013448635585,602.3025284152076,50.640150775625,1.207198294917776,1.4796958577999355,443,NORMAL
1.3192432155875227,12,1043.0566657245765,5.000362635278131,4.095761459364887,790.6477390979442,86.92138881038137,1.0423935092413432,0.4832729631106282,22,NORMAL
1.2127897402068986,16,952.4305920223302,6.889188130244493,6.303535612018072,785.3221052643867,59.52691200139564,1.1888580766137409,0.6100939869508899,80,NORMAL
2.4566466293987954,13,1374.3692097898609,3.1860251783371303,2.1057411849763574,559.4492888569018,105.72070844537392,2.3120197136143106,0.8284624346652117,53,NORMAL
0.7262392548048703,9,1007.4587296453274,6.880627336853978,5.511982867641462,1387.2270370678552,111.93985884948081,1.4459011413031284,0.191867487780607,443,NORMAL
1.4617836726620246,37,5027.770165993858,15.649592557948509,9.661950245522576,3439.476209799148,135.88568016199616,0.764311899158717,1.6376463587471377,22,SIM_ATTACK
1.2541693654923844,49,3049.1435809060786,25.45118978305413,13.618493585238557,2431.2055969482167,62.2274200184914,1.4968274679638442,0.4172973790176609,80,SIM_ATTACK
1.5187747862788725,9,1476.506459409028,4.211856258764467,1.713972956540566,972.1694570836236,164.05627326766978,0.7735521303464187,1.094127132667172,53,NORMAL
1.041297840000914,20,4150.748822174058,12.791637871109192,6.415162749914323,3986.130252772266,207.5374411087029,0.7016900138412544,2.6389248073394596,443,SIM_ATTACK
2.2154218838859125,29,16331.621264313524,6.528822247873933,6.561235321266434,7371.788363698655,563.1593539418457,0.8018372120271976,0.4492653622942693,22,SIM_ATTACK
0.382259184741692,37,1661.6845260662292,58.38313515972884,38.409830128999005,4347.010071684992,44.910392596384575,1.6758225011789347,1.339824272664979,80,SIM_ATTACK
1.622731327564514,38,1689.8199667090948,12.109792099171361,11.307516332922894,1041.3430356615295,44.4689464923446,1.1533021901278546,0.7935445947164521,3389,SIM_ATTACK
0.6358837421708112,11,1694.8425402405046,10.187377748923698,7.111381867806962,2665.3339719845135,154.0765945673186,0.6125246122763623,0.8636185074420505,443,NORMAL
0.3576211791395815,40,879.2160222452118,64.66965723126685,47.18054161947789,2458.5121730221936,21.980400556130295,0.7155587746756656,2.9350765605055886,3389,SIM_ATTACK
0.9823522108351128,12,1734.059165475136,7.406011489990137,4.809566454094311,1765.211241292963,144.50493045626135,1.232913963949951,0.9373386783861057,80,NORMAL
1.2912502141177478,15,1331.2303801683904,8.254207898543303,3.362440707589796,1030.9623693483445,88.74869201122603,0.8045647600013968,0.7160953880372769,443,NORMAL
1.2403709666192264,19,1955.0197976903114,7.3541523924729555,7.963845618869315,1576.1573354292084,102.89577882580586,0.6135419704301895,1.457538333889852,80,NORMAL
0.594346363361357,13,1218.0531569149164,13.049777748360642,8.82299005403293,2049.399528628648,93.69639668576279,0.8187307238436499,1.2407814619771762,443,NORMAL
1.1556692096489916,12,787.8985451657198,7.141213681937259,3.2423804294302396,681.7682244948156,65.65821209714332,0.8351827093642267,0.6481734919456615,80,NORMAL
1.1399881938002314,11,1186.4586538051028,4.499365816449119,5.1498569209642575,1040.7639835724603,107.85987761864571,1.1602952400807072,0.4897674295878946,80,NORMAL
0.5280796140351864,11,642.0821308538119,11.044475223075144,9.785717247234947,1215.8813061301576,58.37110280489199,1.6027468994681138,1.9366341984821038,443,NORMAL
0.5306696738636029,32,1356.6933130049836,40.84793096850554,19.453234852824032,2556.568388631328,42.396666031405736,1.1365352251492866,0.969302022346383,22,SIM_ATTACK
0.9365346436453198,6,768.7074197246999,3.2468114951149682,3.1597854639103864,820.7997695980815,128.11790328745,0.5910316565103648,0.8631352716008259,443,NORMAL
0.45456872033950807,41,726.5931270915254,46.067454492519246,44.1279288796097,1598.4230647213205,17.721783587598182,1.5436611365427069,0.999651637410672,3389,SIM_ATTACK
0.9543327816135755,36,3922.8133967997196,19.317617871846842,18.405072465931966,4110.529861676835,108.96703879999221,0.5418622296037302,0.5224284707457242,3389,SIM_ATTACK
0.9427529326420068,36,10642.650487485931,22.010566138467365,16.17547259292351,11288.907325549826,295.6291802079425,0.6004764022832826,1.0652785844088362,443,SIM_ATTACK
0.8845830075074952,14,627.6549308037946,7.298980960264553,8.52768525554717,709.5489348957186,44.8324950574139,0.7071180618158238,4.069004196321234,443,NORMAL
1.5182458508739836,12,1627.5682199198075,4.798338692094693,3.1055195618845017,1072.005709077283,135.6306849933173,0.7019951704059348,0.29787458764795266,443,NORMAL
0.43538841866784184,28,982.9774787283285,43.938980322243,20.371411960747935,2257.702402227292,35.10633852601173,0.5199198492544277,4.529012151502163,22,SIM_ATTACK
1.1862271109674696,11,1443.3647015030224,5.826258162453765,3.446839626576331,1216.7692747519782,131.21497286391113,0.8879835850005998,1.7902368990308848,80,NORMAL
2.7146099150736216,19,1637.750010587993,4.6764532751792345,2.3227107279054264,603.3095221136317,86.19736897831542,1.1678537763063706,1.757913644002057,443,NORMAL
0.3590839880730145,36,414.99659501267905,54.6737349344458,45.5813619112535,1155.7089951008775,11.52768319479664,1.4521850878643834,0.5047917490511598,3389,SIM_ATTACK
0.39418987220268353,15,422.9524105752582,18.83044671943193,19.222281312827963,1072.9662033472682,28.19682737168388,1.7843330461226738,0.41402872157619564,80,NORMAL
1.242893508303638,10,1153.6271042752285,3.97953899421579,4.0662026024625035,928.1785579922733,115.36271042752284,1.2560509837197846,1.0752750784012894,80,NORMAL
0.42656247861367963,19,596.0518159699963,32.87029038114876,11.671836394158944,1397.337660609892,31.371148208947172,0.6634856393175788,1.4617517748641082,443,NORMAL
0.5284309359065464,13,1099.4327628112342,11.661080646201128,12.940052854240005,2080.5609363598464,84.57175098547955,1.4245352935292461,1.0672990200614143,443,NORMAL
0.7830924227748485,28,1363.9888154699242,22.647990750080414,13.107686594853423,1741.7979995728967,48.71388626678301,0.7004317360911447,1.4624846355489072,22,SIM_ATTACK
0.9716233802075369,36,2549.989136773578,18.403257186073592,18.648136114394813,2624.4625116255493,70.83303157704384,1.8703123127623955,1.5890210316684472,80,SIM_ATTACK
2.5054209495727,16,2498.9682447619234,3.628173659309531,2.7579787366496404,997.4245027320152,156.1855152976202,0.5329773453195589,0.967588615792224,443,NORMAL
0.7101205532095727,39,3486.081703017229,41.049479496113705,13.870772880372876,4909.140690634829,89.3867103337751,0.792610470447387,2.315157837909018,22,SIM_ATTACK
1.0154336334136618,9,2482.118885545069,4.356366310166001,4.506842179141177,2444.393019759192,275.79098728278547,1.3074603062928383,2.29039141299372,80,NORMAL
0.5838433314791388,13,479.82441631928276,12.651990299583549,9.614256994986263,821.8376239798283,36.90957048609867,1.8368147324136885,1.1251875674314926,443,NORMAL
0.31764512691275604,28,1444.8260986024536,59.17107054615556,28.977613717118032,4548.55427075161,51.600932092944774,1.1964690411957406,0.9925701934228913,22,SIM_ATTACK
0.9616281665707881,44,2983.3938136790093,25.319871308225828,20.435859991644577,3102.440129554372,67.80440485634112,1.0971619297432598,1.9514509645867473,3389,SIM_ATTACK
0.8105004513901262,29,478.54890063032707,25.359291077590136,10.421071475275546,590.4363159940825,16.501686228631968,0.745583894939848,0.3434761796090239,443,SIM_ATTACK
0.5161874788504685,23,1151.0721297258713,30.59643004176625,13.961024259954126,2229.9497312280196,50.04661433590745,0.6581886017496582,1.5007385207803268,443,SIM_ATTACK
1.2113033542592362,9,1641.0215693923035,4.55839059149893,2.87162268168637,1354.756893574243,182.33572993247816,0.8434521423995099,2.3083305401588774,443,NORMAL
1.2684429056542466,43,3097.125274276588,18.633390220047016,15.266440673658959,2441.6749547581176,72.02616916922297,1.1163313275082014,0.6262763311151042,3389,SIM_ATTACK
1.213916088784442,19,932.725614646806,9.641827710795207,6.009995488142454,768.3608638722246,49.0908218235161,1.4637934358978262,1.224396034946632,53,NORMAL
0.924368660725284,26,4125.262977374125,16.062146820219088,12.065158988266148,4462.789742500935,158.66396066823557,2.410905437989603,0.9287719422034201,80,SIM_ATTACK
0.5477096231100983,33,1265.690441413686,38.49791484639597,21.752989296229394,2310.8785896925206,38.35425580041473,0.5858123665651122,1.654997554618596,3389,SIM_ATTACK
1.4389642603609212,38,2934.7531394986518,16.97319658366381,9.434686535315695,2039.489944498383,77.23034577628032,0.917219936746564,0.8141153518990453,443,SIM_ATTACK
1.5957914208255022,31,3456.9554493574033,9.342474506151381,10.083623162655305,2166.295296642917,111.51469191475495,1.0659009764617042,0.5598781976313931,80,SIM_ATTACK
1.1800066540629799,22,1168.1302178682954,13.377239780585041,5.266722882040591,989.9352803191476,53.09682808492252,0.7061750875876117,0.8393422929200951,443,NORMAL
1.1718359599222263,32,2891.198469559468,15.294944478491294,12.012631918228783,2467.238221424229,90.34995217373337,0.7859112067294746,0.6109198730380083,80,SIM_ATTACK
1.126221023340745,19,1497.0237810831184,10.65500697284497,6.215571365001807,1329.2451038095962,78.79072532016413,0.5481382242675391,0.7672327596502254,80,NORMAL
0.2696370540026593,52,1223.079248257703,116.0717218630725,76.78011073218775,4536.020662225602,23.520754774186596,0.9007579610766593,0.44268541759628943,22,SIM_ATTACK
1.988605358502878,21,6378.38517539301,7.187730696639846,3.3724339485011363,3207.466553441744,303.73262739966714,0.8194744464864263,0.6162008859491008,3389,SIM_ATTACK
0.5348207649229583,16,403.9061583576828,15.104774179986576,14.811790488748423,755.217794162996,25.244134897355174,1.4074649601068179,1.5034336498523801,443,NORMAL
1.0229318839247588,43,3046.3923655657427,24.341066111304624,17.69496842407295,2978.098946214701,70.84633408292424,1.5999741734057986,1.102656352123774,443,SIM_ATTACK
0.25116626971084194,33,791.7677127977446,77.4383277135095,53.94874125077314,3152.3648207590786,23.992960993871048,1.5738673075167453,0.7379068537733099,443,SIM_ATTACK
1.7647770087952923,10,1131.9281124614217,2.8101960245904016,2.85624225637202,641.4000787748937,113.19281124614217,0.8922867545558022,0.84124311182668,80,NORMAL
2.485125295056516,16,3638.641929597456,3.129947884455006,3.308359283327507,1464.1684010200809,227.415120599841,0.8740409371008764,1.3732416719930034,80,NORMAL
1.0592346595577684,35,2443.5106614224123,21.6899171988231,11.352808210683929,2306.864337730962,69.81459032635463,0.45795155250885666,0.6084381401203256,443,SIM_ATTACK
0.9035200367369763,15,757.6153152613892,9.5806701703819,7.021064589338376,838.515234258096,50.507687684092616,0.8816434805194002,1.0046125947061941,443,NORMAL
1.106446021164114,18,2117.149399018416,11.265075508239399,5.003228282181247,1913.4683107187825,117.61941105657866,0.6231118908315558,0.9977043027758146,443,NORMAL
0.8175356926641962,36,1839.6554278547942,21.68658582836703,22.348188827994115,2250.244783637153,51.10153966263317,1.339207265847205,1.289412645137567,3389,SIM_ATTACK
0.9087800689390126,12,512.6325686585607,6.152621970212082,7.051892972561501,564.0887010836974,42.71938072154672,2.1667032195508833,1.878284107848362,22,NORMAL
1.236745025297398,13,1607.7100726972806,6.49453719873511,4.0169261458406345,1299.9527306048208,123.6700055920985,0.8909771467731632,2.8801197512067858,443,NORMAL
3.8064554419685495,36,16613.949294940005,5.950513025404879,3.507104579434918,4364.67720382612,461.4985915261112,2.705659899839488,1.7286427177162655,22,SIM_ATTACK
0.5417621173097701,38,661.7437710680083,32.594260225676294,37.54722583594929,1221.4655656509015,17.414309764947586,1.1562477839769274,1.9151865665227417,3389,SIM_ATTACK
1.5238139509488782,35,5990.684168367165,12.691691905880203,10.276991362969985,3931.375063626874,171.16240481049041,0.776439107233342,0.2977809841053379,22,SIM_ATTACK
0.2766287290629896,31,1806.7121253580358,70.09096609861116,41.972593261274284,6531.180371170485,58.28103630187212,1.5393609093294498,0.9089156114117646,443,SIM_ATTACK
1.195326050195327,39,2979.4241698444234,23.603310912792352,9.023770203382647,2492.5618992052914,76.3954915344724,2.42147177087862,1.7940363524472602,22,SIM_ATTACK
1.0031745594561097,11,1423.1280881596213,6.071525781564951,4.893664569717343,1418.6245800842453,129.37528074178374,0.5182350435098729,1.2013924602019441,80,NORMAL
0.41799199661819963,9,460.52079400140695,9.991515092851252,11.539997646185089,1101.7454825147138,51.16897711126744,1.3168081158830673,0.4689561318004707,80,NORMAL
1.2889640337525454,43,2778.323246510112,24.59257027286938,8.76755372905069,2155.4699539766157,64.61216852349098,1.3635281488409312,0.9535457093932497,80,SIM_ATTACK
0.5512641954457927,37,2295.8705803560692,34.69444758589755,32.42400542750572,4164.73734249956,62.050556225839706,0.9313373784045448,1.4154557196401936,3389,SIM_ATTACK
0.5277168165031907,40,3748.4436370081166,50.19894968526381,25.599279116789447,7103.1347112385465,93.71109092520291,0.4071753218206741,1.2230029960083981,22,SIM_ATTACK
1.580831969104924,12,1494.7661905938028,5.313456650576668,2.277482952444182,945.5566561195925,124.56384921615023,0.8615926023147914,0.5922174706688961,443,NORMAL
0.830309056175915,13,527.7820082794811,8.82112372993315,6.835696948228561,635.6452508301459,40.59861602149855,0.7577811358861917,2.151256343143628,80,NORMAL
0.6457189141071354,31,849.90984226744,35.7851649881126,12.223340450922116,1316.222622102759,27.41644652475613,2.075857678686495,0.8240971293631444,3389,SIM_ATTACK
0.5700318947215547,28,3572.4719353636915,24.586897262266216,24.533161210386883,6267.143941320596,127.58828340584613,2.011148534458531,1.1685648564559765,3389,SIM_ATTACK
0.9165979284905887,16,2417.4684485644407,12.597502522594707,4.858351895872138,2637.4360812111113,151.09177803527754,0.8026911612100162,0.9453161084875555,80,NORMAL
0.5554695734860571,37,1352.0112839914411,49.77658440212724,16.833724723884217,2433.997015365556,36.54084551328219,1.4641727669857432,0.9856478121767969,3389,SIM_ATTACK
1.4779963143607593,48,2057.5350270137765,22.216962489637346,10.2594378461512,1392.1110675459772,42.86531306278701,0.971912388589597,1.7540668155106856,80,SIM_ATTACK
1.568650812347515,27,6781.865852819348,11.817272028973655,5.394971631292584,4323.3750937024415,251.18021677108698,1.0708002116309014,0.8587967428931415,22,SIM_ATTACK
2.0506378237228184,11,1615.3103921787008,3.807488799951199,1.5566958809058598,787.7112055049267,146.8463992889728,0.7150957266167366,1.7114492083716029,80,NORMAL
1.9297760033733637,12,2586.527942269985,4.336328859843613,1.882009423471799,1340.3254770235403,215.54399518916543,0.94184991567833,0.35113101636999317,443,NORMAL
1.2170303281694903,13,1162.149097180481,4.808118450690882,5.873620285888531,954.9056176179644,89.39608439849854,2.2999425294587486,2.4700045023467836,443,NORMAL
0.3525243838857133,38,1023.3876869253584,60.77624496977159,47.017716914917266,2903.026666255052,26.931254919088378,1.9832682171693303,2.007335530779878,22,SIM_ATTACK
0.767421017444753,14,605.3923235293106,8.460721351452516,9.782198352017641,788.8659676601743,43.24230882352219,0.8398644170734167,0.5920338593554665,80,NORMAL
0.9861061940870338,11,3285.082314353597,8.026041878578322,3.12894332074306,3331.36769046971,298.64384675941795,2.0061286614524185,1.8917513576324818,53,NORMAL
0.802257050370286,14,999.3977508256622,8.673592623473063,8.77717330440283,1245.732587036019,71.38555363040444,0.6639705385521004,1.300036934232021,443,NORMAL
1.2428200573339265,10,1258.1044480157752,3.7585302258610156,4.287686876115762,1012.2981525697586,125.81044480157752,0.5737703637246501,0.9650406589997637,443,NORMAL
1.1248369094776733,12,1045.468193397664,6.39956895211862,4.2686442785196705,929.4398010847058,87.12234944980533,0.8265508847682602,0.5892341127681262,443,NORMAL
0.8810078132465341,9,722.5544239528708,5.676026330669061,4.539547089542494,820.1453075543577,80.28382488365231,1.523749675094419,1.2637899422052592,443,NORMAL
1.9731086622329135,12,784.2919206660374,4.084840900874589,1.9969326120042838,397.4904857893004,65.35766005550312,1.191104911463671,1.1032236804368272,80,NORMAL
0.7094019602410996,36,1804.175652329138,30.393483665129143,20.35348634291105,2543.234658832864,50.11599034247606,1.4731519343116912,0.6034433691004432,80,SIM_ATTACK
0.8414908968234514,34,2610.5347013250557,20.48891308204891,19.915564409444805,3102.2732523662203,76.78043239191341,0.817188083066293,0.6103076774172906,80,SIM_ATTACK
0.4576600477787502,36,834.6915156314012,38.35937225780294,40.30163425724189,1823.8242985870638,23.185875434205588,0.7291532532106277,2.039936387651925,80,SIM_ATTACK
1.2476637619122084,17,931.2517609949357,9.24062975596621,4.384836109889562,746.3964165855632,54.77951535264327,0.8176355211152627,0.888794336511826,443,NORMAL
0.4488216121451456,16,370.86748657133154,16.17939465606644,19.46951254233674,826.3137882304022,23.17921791070822,0.6863719212052201,0.6645757430156621,443,NORMAL
1.1739867153397672,35,2233.80683416423,21.817827622793992,7.9951162058510725,1902.7530763137615,63.82305240469229,1.2384929688674267,0.535379703175795,80,SIM_ATTACK
1.3612550428686707,7,1032.5879481819895,3.624691100667652,1.5176222642462416,758.5558294836085,147.5125640259985,1.9717238453352692,0.8742548414683933,80,NORMAL
0.7516595145567088,17,432.3036245090024,15.464702633226848,7.151920546253228,575.1322455672679,25.42962497111779,0.5795271058603281,0.996131903139995,80,NORMAL
0.7263778203153937,30,1960.4008951843566,23.712724948937975,17.588095589571836,2698.87218518477,65.34669650614522,0.719389869153097,1.8231989641925839,443,SIM_ATTACK
0.7439783717466179,44,2642.5543825327422,27.456963559310076,31.684540644236044,3551.923661878623,60.05805414847141,1.203929055550891,1.7813357239482455,443,SIM_ATTACK
0.6854160980904513,31,6681.380091232904,24.63386247523862,20.594138568747756,9747.91824972747,215.5283900397711,1.9274686273682557,0.5505602792979614,22,SIM_ATTACK
1.7164933647156733,29,6984.717541219562,9.914776500175414,6.9801329682358855,4069.178293838927,240.85232900757111,2.5309473282868216,1.099091894460929,80,SIM_ATTACK
0.8569835737051814,17,851.3694554374044,10.107482318516103,9.729537341616053,993.4489779734,50.08055620220026,1.9445417301762395,1.3817556078731266,80,NORMAL
1.258213535416624,12,866.1589528543595,4.53010640320064,5.007225426588108,688.4037792261979,72.17991273786329,0.684465580849769,0.7688361493752555,80,NORMAL
0.27224262806855576,35,698.1316335195937,80.923475521687,47.63831602547053,2564.3729583149307,19.94661810055982,0.9986821774703656,1.434857409565765,22,SIM_ATTACK
0.5719566618353733,12,653.790943365021,12.100674600546126,8.879935995880443,1143.0777661843235,54.48257861375175,0.6061975465358418,0.9608635947638127,80,NORMAL
1.8635321445081339,12,3331.9745057305413,3.754617971689326,2.684766524770388,1787.9887479000222,277.6645421442118,0.28765513920479857,1.7416561076710508,22,NORMAL
1.5553278876639596,30,3400.780115795168,13.085781254508662,6.202756061605951,2186.5358055805223,113.35933719317227,0.8247332670954131,1.127738372725493,22,SIM_ATTACK
0.6894961852432056,13,518.6272510918972,9.243355477664771,9.610991041184377,752.1829158619088,39.894403930145934,0.9837772734699679,0.4674306928015193,443,NORMAL
0.40617130214706515,38,511.6378211175492,56.204577106417936,37.35200800712385,1259.6601936497648,13.464153187303927,1.0336258016843702,1.0482763578584948,443,SIM_ATTACK
0.8014900618932752,30,851.5311055743559,27.459827771873787,9.970455429809551,1062.4350145563553,28.384370185811864,0.7700634425011548,1.3247624173779686,443,SIM_ATTACK
1.0507638863839956,17,834.9581140698366,10.188439448122592,5.990266558325983,794.6201091314495,49.115183180578626,0.7842929792890205,2.0866058989729237,443,NORMAL
2.186624456856979,14,3399.7172522302003,3.7192978216783508,2.6832647930851317,1554.7787557068225,242.83694658787144,2.208683226880598,1.6245140127403257,80,NORMAL
1.188037103523849,9,1053.3221038378506,5.338818761152859,2.236702216521161,886.6070770968189,117.03578931531673,1.810436001654931,0.7328212882189948,80,NORMAL
0.2052753902782589,28,419.8240702247098,68.4168304276664,67.98529728011628,2045.1748729139997,14.993716793739637,1.6816677132554152,2.245459115370729,22,SIM_ATTACK
0.22037075120197888,44,1011.4126025373255,92.58816719755512,107.07535330146149,4589.595474992614,22.986650057666488,0.7665939188928761,0.9868377513661697,22,SIM_ATTACK
0.736939383313462,35,1958.3461862580061,23.45511635679419,24.038613510961465,2657.4047073624924,55.95274817880018,0.552990441901739,1.595345000688165,443,SIM_ATTACK
0.7260708536238347,30,1376.2094233934106,25.697081021994542,15.62120058959939,1895.420283743275,45.873647446447016,1.4013846915970232,0.825692656974554,443,SIM_ATTACK
1.2748614296720373,32,5630.10195028251,13.658869943518244,11.44189728906806,4416.2462046803585,175.94068594632844,0.8867836020212383,0.20705725041285503,22,SIM_ATTACK
0.2752394218503525,39,401.7172495500964,81.70750046667845,59.98731831260338,1459.519304500319,10.30044229615632,0.5200261457629245,0.606166434727573,80,SIM_ATTACK
0.8460066269114421,14,1073.2486152164383,10.32952453297221,6.218809197119819,1268.6054471400532,76.66061537260273,0.8355367236715922,1.8846091429111578,80,NORMAL
0.6305601354961391,31,851.6713370846749,29.938241012202468,19.22439749745925,1350.6583894881976,27.47326893821532,0.8331743388152646,1.1999554107277164,22,SIM_ATTACK
0.9712167404735075,8,567.8433745395645,5.782126732925025,2.4549635751556167,584.6721446159565,70.98042181744556,1.6335541714486939,0.889530622580529,443,NORMAL
0.2664357047014513,36,767.7304047433087,61.35272664867923,73.76429920316377,2881.484692915209,21.325844576203018,1.3497203546894667,1.8264014232999446,443,SIM_ATTACK
0.8345311250589205,12,308.1967365425928,8.388851754995658,5.990480111329596,369.3052629053628,25.6830613785494,1.2649687195996837,1.1255899845838095,80,NORMAL
1.341286976677998,15,2481.796409254381,5.985518389806698,5.197770690618812,1850.3097788969174,165.45309395029207,1.2213747048273857,0.6871284115347138,80,NORMAL
0.9637176919157102,37,1495.5593469485298,27.33782172554827,11.055164426288545,1551.8645755850002,40.420522890500806,0.444864979441515,0.9215689903515722,3389,SIM_ATTACK
1.8274596086801105,17,2402.934840762189,5.02990590230586,4.272625283200513,1314.904487819415,141.34910828012877,1.2460885749656205,0.8558411868114012,53,NORMAL
0.5994463820409586,17,479.9048281307244,17.13277218370447,11.226728364316912,800.5800727277286,28.229695772395555,0.7748008493949069,0.48060538917569884,443,NORMAL
0.5475942651792656,34,4108.560180441517,28.047355810648124,34.042410576641274,7502.927699756864,120.84000530710345,1.5186684525351968,0.4831787131791575,80,SIM_ATTACK
0.1613456351989564,16,103.69959277910259,56.10911599938437,43.05687619042784,642.7170629761996,6.481224548693912,1.184572626944944,0.7545091192254336,443,NORMAL
1.1284243293478884,12,787.8671113168425,7.492762754887083,3.1415347233804667,698.2011029238864,65.65559260973687,1.2085919279832615,2.2943221491034334,80,NORMAL
0.32205576004307396,39,1540.9985484091733,56.03352326947579,65.06351904016609,4784.881190148779,39.512783292542906,0.7658352366188176,2.243296865866747,3389,SIM_ATTACK
1.9155835409733823,20,3663.318095610182,7.253970435627469,3.186712297445725,1912.37709932959,183.1659047805091,0.5377541117669479,0.7885008877317382,443,NORMAL
0.6018244180383489,12,891.4946971009446,9.92031760338373,10.019052818165612,1481.3202495285555,74.29122475841204,0.9075528128139958,0.7967633954490336,443,NORMAL
0.9573874739366236,17,1659.3524599871969,8.880307179069446,8.876348786042287,1733.2088680502638,97.608968234541,1.3037017600622303,0.967974180497931,443,NORMAL
0.6198385423767427,29,767.5563040785115,25.464177694917606,21.322199752346027,1238.3165156773757,26.467458761327983,1.1408569516340024,0.7622129776197332,3389,SIM_ATTACK
0.5850450005372796,14,787.7170653323002,10.95374094266758,12.976042214428055,1346.42132589612,56.26550466659287,0.9400228017777602,0.38690533275465455,53,NORMAL
1.5527390959927905,32,2315.8976211580184,14.68236250553203,5.926379866308512,1491.491794812624,72.37180066118808,1.087877423950626,2.0575783223201825,3389,SIM_ATTACK
1.4805624040119665,13,1788.8473006531513,4.868396787107467,3.9120504029421665,1208.2214811113718,137.60363851178087,1.5794047373261229,1.3619280500967421,443,NORMAL
0.6862962050825491,11,1431.2540245402536,8.85920066416912,7.168864067264007,2085.4756502232144,130.11400223093213,1.0686228831954931,0.30077563968359383,80,NORMAL
0.4216160506844785,15,521.5672271610513,20.237987474729398,15.339405690564096,1237.0668201893777,34.77114847740342,0.8511861551317519,0.3625933405732376,443,NORMAL
0.33752022780450064,28,1183.2113901341763,58.19412837280455,24.76386256638809,3505.6014207821618,42.25754964764916,2.166851154903349,0.9098873601056658,3389,SIM_ATTACK
0.513239427864125,44,1106.7263937967357,47.38338875354568,38.34657977811701,2156.3549753035154,25.152872586289448,0.4832533943628132,0.6444700549011227,3389,SIM_ATTACK
0.5000042546165715,39,1835.7467236520495,35.645726069818615,42.35361021564393,3671.4622059762128,47.070428811591015,0.787357456820168,0.8713311038776878,80,SIM_ATTACK
1.540215735329166,38,5752.1911601734955,14.23419070945866,10.437677736216491,3734.6658836362108,151.37345158351303,0.7039595479158831,1.0147760483444446,443,SIM_ATTACK
1.7228924327303201,37,2125.856034458187,14.524340121744533,6.9511735534562895,1233.8878470139184,57.455568498869916,0.5301198405574316,0.6047117528725713,22,SIM_ATTACK
0.5152019295936167,15,575.9286471320099,13.340232503092293,15.774565284702811,1117.8697400964581,38.39524314213399,0.5398685692393917,0.5865910308916676,80,NORMAL
0.739528128654526,31,3589.0400995279533,30.464829886847763,11.453792000328345,4853.148866775005,115.77548708154688,0.9283895667033875,1.0550803468125853,443,SIM_ATTACK
0.521898552762398,35,2204.7999539025514,40.697283701643855,26.36555794592489,4224.57571923239,62.99428439721575,0.9809306568218987,1.2331909175223086,443,SIM_ATTACK
0.919924235493865,15,1568.7255143205555,10.771808588789709,5.5338820553394665,1705.2768628042274,104.58170095470369,1.3944856768435248,0.39207001616309234,80,NORMAL
0.8197143113049139,24,1095.4261622508534,21.31189716157907,7.966596173243996,1336.3511495938508,45.64275676045222,1.0530442101610922,1.1287283303443167,22,SIM_ATTACK
0.5985291796904272,45,746.2960262445158,49.73482285655359,25.44948147974462,1246.883279158615,16.584356138767017,1.0052745446886582,1.3932652710365836,80,SIM_ATTACK
0.3113591967110251,19,416.19659180449685,31.08073471307694,29.942033204820955,1336.7088436792576,21.905083779184043,1.0891813700916644,0.669825599726388,80,NORMAL
0.6757282544096168,41,807.2149739905042,44.48152219797798,16.193756262624,1194.5852030351568,19.68817009732937,2.611330330044811,1.0297748462421068,22,SIM_ATTACK
2.4566056580463167,22,2202.262892081926,6.694474073281556,2.2609722059947455,896.4657737674252,100.10285873099664,0.980060535255758,0.46378274254771845,22,NORMAL
1.2664024025922958,36,2398.318892761492,14.90834693973506,13.518636400085564,1893.804755780777,66.61996924337478,1.4104870280145343,0.8753270798684508,443,SIM_ATTACK
0.3883015204260146,8,301.30939015332757,11.979422312593325,8.62312385107612,775.9675775226274,37.663673769165946,1.2938043827881602,0.6910909140969658,22,NORMAL
3.048591967495974,44,8966.403300942402,8.536484854814713,5.896407598201995,2941.1621484744473,203.78189320323642,0.9329294715296003,0.5393687721342011,22,SIM_ATTACK
1.1738335125487223,39,3662.3661551599466,20.46854192336088,12.755931209392031,3120.004767292698,93.90682449128069,1.3385572819102816,2.1919600410176465,80,SIM_ATTACK
1.1324615823167512,16,1446.5565016799167,6.550392294776502,7.578122305487241,1277.3559158806966,90.40978135499479,0.4419127622304802,1.4126261721863431,80,NORMAL
0.37893722624964177,41,3861.1431170923997,49.33406227148448,58.863277973438905,10189.40037986318,94.17422236810731,0.482902587974147,1.9849154714829935,80,SIM_ATTACK
0.30145645038267854,40,870.9088026035812,79.1066023951626,53.58254706315124,2889.003706830693,21.77272006508953,0.5663093173890077,1.729861974307449,443,SIM_ATTACK
0.5368143616825375,15,431.16477835788567,16.53116968326967,11.411450840118516,803.1915856470116,28.74431855719238,1.6753717357625753,1.6086799220359715,80,NORMAL
0.5959854308963666,15,616.3306170023104,11.343987517067621,13.824412954467206,1034.1370527721533,41.088707800154026,1.1869900416510577,0.9139608235235893,443,NORMAL
1.961105770637792,39,5856.135712714605,13.252256888262254,6.6344828194672285,2986.1396567152365,150.15732596704115,1.0987514781860208,0.7691576081659092,3389,SIM_ATTACK
0.5642869232098701,43,1287.3775597648253,52.78975509654586,23.412613293280188,2281.4236992091746,29.939013017786635,2.181074163955176,1.2298891621134198,80,SIM_ATTACK
1.5015186837611512,41,8881.438818845407,17.29242829669897,10.013259233807933,5914.970566066024,216.62045899622944,0.3933482762301921,0.5427047531928033,443,SIM_ATTACK
0.9236906456371533,43,1999.442406866411,31.850591503035524,14.701790729155427,2164.623422690628,46.49866062480025,1.4631803604626126,1.132071018862124,443,SIM_ATTACK
1.8912228084652742,16,806.1482953851852,6.1110990209761,2.349035833776412,426.25770574297053,50.384268461574074,0.9748915681471095,2.113605777240925,53,NORMAL
0.6971330361554499,19,732.840103662023,12.38254096154405,14.871941346138891,1051.2198757693232,38.570531771685424,1.1735836566828801,0.9154480814541728,80,NORMAL
1.349294981108148,42,6942.6183876014375,16.85330868252797,14.274058266918672,5145.367384305846,165.30043780003422,0.9115368940254984,1.9918666477816538,3389,SIM_ATTACK
0.7442684368671392,10,876.765705348529,6.083831444901616,7.352181026745249,1178.0234951775096,87.6765705348529,1.3098623416182114,0.9927534173036088,80,NORMAL
1.0343668855266481,13,2817.875644882639,7.091233008271013,5.476841416676423,2724.2516019332124,216.75966499097223,1.756718255706616,1.4229284590629545,443,NORMAL
0.45167890143539074,13,362.59341134977745,16.04674691280385,12.734761275175021,802.7680952054469,27.891800873059804,0.6129123020256926,1.2176239025523874,443,NORMAL
0.36392099526519095,36,1362.1151567794511,50.23220765419429,48.69036199245836,3742.8869850910123,37.83653213276253,1.0161042726620195,0.6801757765664095,80,SIM_ATTACK
1.007017116322059,15,524.3057382641705,10.48247949351217,4.412997213760379,520.6522607868859,34.95371588427803,0.430641602559839,0.7720548691130769,80,NORMAL
0.3243640946155263,12,327.42549572912225,25.00644566451858,11.989017764390788,1009.4381627449385,27.285457977426855,0.513960096728856,1.2518135860900035,80,NORMAL
1.399174828949413,36,3357.256270885265,18.388213075732278,7.341237779977458,2399.4544508823824,93.25711863570181,0.9955948613993402,1.5380249860896977,22,SIM_ATTACK
0.441488826829725,32,1007.6583281001565,46.26725658578413,26.214758938341184,2282.409580636553,31.48932275312989,0.9552576011819861,1.2154067548972631,22,SIM_ATTACK
2.0699465550661755,15,1599.3731645327714,4.420522830100187,2.8260410791406754,772.6639901007685,106.62487763551809,1.1311646574034468,1.8321165539129245,443,NORMAL
0.541830053096542,15,1066.2501472060374,18.557391156767697,9.126566043973504,1967.8682293690629,71.08334314706916,0.6130824223676559,1.6852139256625804,443,NORMAL
0.9530485154784292,18,929.150742010945,8.601070045605601,10.285691444142929,974.9249140213103,51.61948566727472,1.208149956626375,1.2453106206193039,80,NORMAL
0.8672378238443013,9,1080.4215984656428,6.007577640122815,4.370198504493089,1245.8192767427256,120.0468442739603,0.7213596012038338,0.7426772400564705,53,NORMAL
0.9218866886945454,10,905.2320949664924,7.540858050222074,3.3064620408844423,981.9342290844473,90.52320949664923,2.0056639134367797,0.34476089915601354,443,NORMAL
0.7440310417033783,41,4288.043520711186,40.34175710115785,14.763470640597319,5763.258896959696,104.58642733441917,1.640505204577067,0.18146313248747625,80,SIM_ATTACK
1.3041231910405653,43,5388.014991560755,23.12941074584667,9.84293442477339,4131.523025260854,125.30267422234314,1.3462260984908423,3.0276231558279383,22,SIM_ATTACK
1.5480169026924222,42,1922.1508854732351,17.429786349362118,9.701700346261543,1241.6859803856742,45.765497273172265,0.879192917239736,0.6925770854522513,443,SIM_ATTACK
0.9256447650128455,9,1902.5996467887671,6.376450756966655,3.3465016543453707,2055.4317581673613,211.39996075430747,0.9823454781672669,2.400977385761332,22,NORMAL
1.1718965013251286,25,3325.065959998081,10.934866347163377,10.39807557367273,2837.3375603035283,133.00263839992323,2.1897244695338953,0.6454333902199457,22,SIM_ATTACK
1.3405918099482717,16,802.2205484665145,8.066476146810754,3.8685512651629033,598.4077647747745,50.13878427915716,0.8482409676669805,0.7773646670318805,443,NORMAL
0.9495717988691175,15,636.8960428998345,10.264222425643695,5.532371384180999,670.7192059182245,42.4597361933223,0.8122908193282793,0.5983861896211532,22,NORMAL
0.5045544079944804,8,537.3501055175714,10.524121444064006,5.331453045511193,1064.9993281268682,67.16876318969642,1.7087055870445402,0.7333902347687675,443,NORMAL
0.8846790761170076,12,871.0464355874592,8.651357816621582,4.912882961706583,984.5902984510676,72.5872029656216,0.9209865416564478,2.6564100710634424,443,NORMAL
0.7749218087978877,32,2527.0180443995605,21.062330673653804,20.232158185345547,3260.9974525296243,78.96931388748627,1.5676836028053052,0.7596655941544095,22,SIM_ATTACK
1.117058668205977,50,2672.97998860136,26.049754520897558,18.710651913530093,2392.8734136177736,53.459599772027204,0.6670048117031119,0.46448434188792304,443,SIM_ATTACK
1.7061438712122714,12,1163.1839915520868,4.280581055089038,2.7528234557940943,681.761961097458,96.93199929600723,0.6742677583956541,0.7975315948439782,80,NORMAL
1.723933758492991,11,1648.1253532347946,4.746849317944613,1.6339062916072624,956.0259175361438,149.82957756679951,0.9170099499076494,1.385790395297547,80,NORMAL
0.8016987115013685,43,1761.8251992312773,30.424257407544857,23.211852247006583,2197.615106467924,40.97267905189017,1.0708864857263596,0.4114430735504184,3389,SIM_ATTACK
1.0030128698145195,14,1541.1837712229344,9.666573838214099,4.291372686030327,1536.5543330545054,110.08455508735246,1.4098740167465762,0.5676252836805677,443,NORMAL
1.379420381240038,10,1827.7232653312349,3.8289328047541282,3.4204888624902265,1324.9936641418856,182.77232653312348,0.4230280365432629,0.943376338068268,80,NORMAL
1.1992869464868727,12,1022.3529331397067,4.58693564455507,5.419010001023881,852.4673232995096,85.19607776164223,0.549771073942724,0.9163489894137753,443,NORMAL
0.3761915588064765,30,2587.4050696784952,41.535106030906114,38.21149991415934,6877.892417063854,86.24683565594984,1.048802657106311,1.3320819273910283,443,SIM_ATTACK
0.2318712865638619,40,1575.122796544163,84.3907654179857,88.11873583491399,6793.091201097654,39.37806991360408,1.1871472787217399,0.9153550807105016,443,SIM_ATTACK
0.5748791453337915,33,1785.848363984486,30.75788615155186,26.645483352901543,3106.476167173486,54.11661709043897,0.998327550814873,1.248812684851936,80,SIM_ATTACK
0.4003352680074895,17,742.0204660138113,23.462064565860928,19.002343040820293,1853.49761890059,43.64826270669478,0.9815701687965852,0.3997603238290595,443,NORMAL
0.8277192294086115,14,566.6120083922392,11.77205679712516,5.141891197054839,684.5461459160153,40.472286313731374,1.8936529130269877,0.912789101350521,443,NORMAL
0.7138465080007362,37,2196.228525360688,38.68264321995942,13.14922761684776,3076.6117095839636,59.357527712451024,0.5953733571595881,1.1719452750071548,80,SIM_ATTACK
1.4204543896115716,17,770.7079513392523,5.729423981512442,6.238577331538316,542.57845727099,45.33576184348543,0.8988816480667782,0.6908869444666179,22,NORMAL
0.9441857433484815,31,1292.6931282511853,24.448016351097138,8.384506506175526,1369.108925185366,41.699778330683394,1.1102657402508525,1.2299476205207431,3389,SIM_ATTACK
0.8941073717066189,16,464.6349364349976,13.21276152074994,4.682180973080698,519.6634667580585,29.03968352718735,0.7045623649018075,0.3244783916435099,80,NORMAL
1.9817165312683205,46,3203.814812255484,17.17356055043688,6.038639213855088,1616.6867267363446,69.64814809251052,1.1661246408025285,0.845342119192446,22,SIM_ATTACK
0.5250343856937618,46,542.0399922447647,46.60112821127814,41.01218103744323,1032.3895101242413,11.783478092277493,1.2092329615988773,0.7175395911827307,80,SIM_ATTACK
0.6854236041973772,39,5706.678607074413,37.523757095759244,19.37536304129604,8325.769016602317,146.3250924890875,0.8147045340521388,1.5578548058557524,443,SIM_ATTACK
2.2436518775083547,5,2845.4949602098864,1.6674314505534265,0.5610782617254035,1268.2426310136389,569.0989920419772,0.7683036948123055,0.9129998094936149,443,NORMAL
2.2122656770654103,24,10664.579727475646,5.458606925661005,5.389999662963653,4820.659579016886,444.3574886448186,1.8718149901668055,1.959178824021799,22,SIM_ATTACK
0.28626139355893443,12,489.2768083050093,31.04884256371225,10.870886292527963,1709.1959283160509,40.77306735875077,1.4396544825525182,1.5437798273149996,53,NORMAL
0.24023213698570184,34,564.7280503726803,73.96300431995773,67.5667694505833,2350.7598003271805,16.609648540372948,0.707306814169425,0.8092047101268258,3389,SIM_ATTACK
1.1597552603533432,10,1155.1367104265146,3.9763718021811725,4.6461370510688615,996.0176512366743,115.51367104265145,1.7015711735795616,3.2440578182577453,80,NORMAL
0.3945861821868074,14,1687.129681066091,25.723079750463288,9.757128710997822,4275.6937704102365,120.50926293329222,1.208682094167545,1.1532031636245292,443,NORMAL
1.3917300596934656,40,11130.243772893646,20.69748777018655,8.043717984045823,7997.415659287497,278.25609432234114,0.8897786227110873,3.2928916526412064,443,SIM_ATTACK
0.3020598348921479,14,230.20866484948087,27.145066902622453,19.20336603285464,762.1293474244205,16.443476060677206,1.61202413478147,0.798947678633307,80,NORMAL
0.8934045969569184,16,1189.4648713872768,9.37216423243723,8.53685487771578,1331.3843195331522,74.3415544617048,0.9277720256022663,2.580223224503209,22,NORMAL
1.0430024264864912,38,6582.968868355388,26.636354261176265,9.796926271073936,6311.55661883846,173.23602285145756,1.0267375374802656,1.0505358750751685,80,SIM_ATTACK
0.7674005729697423,16,809.7538895893298,13.929001031852934,6.920605501645003,1055.1906241816912,50.60961809933311,1.093569159211403,1.4393870453963238,443,NORMAL
0.2627854874862764,16,510.35272469760787,32.95086545502409,27.93529744936985,1942.0886959149916,31.897045293600492,0.9539101212461555,0.832277248814901,443,NORMAL
1.9702602299298337,44,2426.5002770022993,16.2574906242556,6.074584769443515,1231.5633438374348,55.147733568234074,1.7653713406362845,1.1215410287090188,443,SIM_ATTACK
0.8525245279023097,15,1293.9697112614563,9.892276331820321,7.702525353133476,1517.80936373215,86.26464741743042,1.029481820208302,0.520165384060888,80,NORMAL
0.36860315939076804,35,734.6550569717642,56.50820100194414,38.444864668595535,1993.0785677095428,20.99014448490755,0.6538078289021875,3.1986204273863827,443,SIM_ATTACK
0.717551116749012,31,1471.9609973380873,25.70244088800798,17.500056155618406,2051.3674398655503,47.482612817357655,1.493189998117411,0.525109636939956,80,SIM_ATTACK
0.590698670523032,16,1219.9043521670708,15.246602070220487,11.839966426425793,2065.1889246456417,76.24402201044192,0.31633424659373505,0.9005708253186452,80,NORMAL
0.6619105607134299,33,1975.859133826698,23.82633165354365,26.02934667923815,2985.0847699076585,59.87451920686964,1.1929706891601315,0.4574792970129527,443,SIM_ATTACK
3.66503125510411,12,4759.583756191059,2.159536729487818,1.114650900778141,1298.6475216446297,396.6319796825883,0.6698015974538863,1.9738555053790934,80,NORMAL
2.1195153685231403,32,5573.2466034022655,8.020405863206854,7.077385110725702,2629.4910082608435,174.1639563563208,1.2085531625959844,0.40317568330138925,80,SIM_ATTACK
1.024370809965484,45,3537.986788195829,20.011035037297034,23.918369785860968,3453.814530614203,78.62192862657398,3.2987092631918875,1.7571507915307645,80,SIM_ATTACK
0.4847782884852417,10,554.6739372577649,14.758802445360052,5.869184074511567,1144.180650067729,55.46739372577649,1.454008395903031,1.4625846143375811,443,NORMAL
0.7356591339913698,16,1433.5371285081858,12.066869600642594,9.682333611435922,1948.6431449990027,89.59607053176161,0.5374114376833448,1.3675557783352434,80,NORMAL
0.9776646869674175,43,2428.4360535513592,23.67150400988804,20.310855763563673,2483.9150742817937,56.475257059333934,0.6213074831879046,1.3819874026805254,22,SIM_ATTACK
2.037807693507221,31,7784.995802371132,8.357590622605954,6.8548359958482425,3820.2799151143486,251.12889685068168,0.6690178735872503,0.7089699201373069,443,SIM_ATTACK
1.3672414871710445,15,1984.8054471312266,6.094034828193192,4.876960523210646,1451.6860889278469,132.3203631420818,1.4881120514825856,1.150049370251004,80,NORMAL
0.4117334861364501,35,1824.522678752815,56.851823175200735,28.154621961012595,4431.319628319376,52.12921939293757,0.7696151260610463,2.3780234898413934,80,SIM_ATTACK
0.7740480211126605,18,1209.317190046349,10.942763750722593,12.311607436901893,1562.3283789396012,67.18428833590828,0.7438181106604862,1.5131775317283869,80,NORMAL
1.087082605784792,35,2553.732226325048,15.053947982876956,17.14231733656731,2349.161151816467,72.96377789500137,0.9997273597744168,0.5112666452687159,3389,SIM_ATTACK
0.3981201885177291,35,1064.2063424363514,53.07080675608127,34.84234361770686,2673.078063181315,30.40589549818147,1.1382812550789627,0.3338932900363679,22,SIM_ATTACK
0.5847849618720926,27,1576.868098184482,25.223986608223555,20.94683131699113,2696.4922167909363,58.402522154980815,1.4108681863043684,2.489884597166435,443,SIM_ATTACK
1.5269800982580035,7,883.1535328270121,2.0705959594508645,2.5136157195262756,578.3661056450728,126.16479040385887,0.9405505638507868,0.7337915206128294,80,NORMAL
0.6631902746073121,9,587.5553459026339,7.129796331388067,6.440969623117337,885.95289828479,65.28392732251488,0.46075995743861525,0.4335840372880092,80,NORMAL
1.3798425474906912,17,647.6669977358757,8.675981325629195,3.6442649451611224,469.3774655040814,38.09805869034563,0.3524513386671631,2.435282434306523,80,NORMAL
0.9525738542800889,31,5170.517240647732,15.245720640848445,17.297687789596417,5427.943689001803,166.79087873057202,1.1968383994448728,2.5170331027971287,3389,SIM_ATTACK
0.6729744048770935,34,1419.2497023805633,27.153686619104118,23.368294237225005,2108.9207733535773,41.742638305310685,1.1589136004899974,2.8404154210246175,80,SIM_ATTACK
0.925072907395433,28,2880.9912815413495,14.92869804380899,15.339186547941441,3114.339700697598,102.8925457693339,0.8278742250196437,0.7823181052363556,22,SIM_ATTACK
1.5964358691804306,17,1631.0520873545331,7.1177144352583035,3.531006461201738,1021.6834379898227,95.9442404326196,1.2456931075238433,1.8814856906212094,53,NORMAL
0.5769485946298732,36,3352.064096922713,31.338565467160006,31.058674659744003,5809.98745490167,93.11289158118647,0.8676219855072512,1.202086513178236,22,SIM_ATTACK
0.4168484281178692,40,907.7174281197041,54.89015931424825,41.06798110769306,2177.5719107738496,22.692935702992603,1.8870294307065425,0.3916652024054258,22,SIM_ATTACK
0.5761185495412774,23,1007.3030338630313,18.50485967051067,21.417479261838025,1748.4301358896978,43.79578408100136,0.9325850843512222,0.892113376605282,80,SIM_ATTACK
0.5962149480547435,14,782.6081426876417,12.006698259570626,11.474766010450566,1312.6275099962504,55.900581620545836,0.9177557924814223,0.4905285370014908,443,NORMAL
0.9365584691628904,14,704.4011741248547,9.807153504669447,5.1411924459185645,752.1166027727652,50.314369580346764,0.9117818862070146,0.8047092370742766,443,NORMAL
1.0976764030366593,30,2638.2096962582486,16.962013870756874,10.36844519441635,2403.4494036309716,87.94032320860829,0.940469274831933,1.1279500688086967,443,SIM_ATTACK
0.925655781555756,13,522.190689157491,7.551097344379131,6.493000104189506,564.1305327125398,40.168514550576226,0.540197132916932,0.7194938717259618,443,NORMAL
2.582352090429649,31,7709.284040618668,7.766789471589211,4.2377702919255515,2985.3729354683023,248.6865819554409,0.8534180109245156,0.8213421544528748,80,SIM_ATTACK
0.1929660075870326,36,1125.4849038672396,122.20839208155395,64.35296372492444,5832.555266811006,31.263469551867768,0.7048194539698938,0.40195040229732665,80,SIM_ATTACK
2.237744631055743,17,2463.772240501333,3.9448626427195417,3.652072129940192,1101.0068826928443,144.9277788530196,1.723137792375993,0.6672092634843068,80,NORMAL
1.039850366363662,41,1855.062426178525,24.64029047398495,14.78845939834164,1783.9705463254725,45.245425028744506,1.116435995137143,0.6470870229534549,22,SIM_ATTACK
0.6974989820663884,30,2293.4833361015485,31.922567485786132,11.088247972500199,3288.152950857286,76.44944453671829,1.4085311834751477,0.6295419858151393,3389,SIM_ATTACK
1.6227774837179034,15,995.557852355601,6.842194954667482,2.401216511477518,613.4900578449635,66.3705234903734,0.8178643129215247,1.6769023064839395,80,NORMAL
0.41546334348443376,14,256.26693684187325,24.767876412766864,8.929440617861953,616.822015373481,18.304781202990945,0.9437052855619535,1.0092619806186416,22,NORMAL
2.42203202114789,37,7647.796277721194,9.49639091169165,5.780038002928704,3157.595032165026,206.6971966951674,0.37678838422423483,1.2420125013904209,80,SIM_ATTACK
1.2822038715521513,10,1439.1725991763954,5.689790919510667,2.1092808364454747,1122.4210370182614,143.91725991763954,0.7898736304162037,0.48889771992498576,443,NORMAL
2.8986203030577093,10,2348.184858958798,1.5769889562748975,1.8729282299985703,810.1043301469098,234.8184858958798,0.8862954315321725,0.6634071924725362,53,NORMAL
1.532338679194115,34,5145.03676746719,12.145321004153903,10.042985315883143,3357.6368183651534,151.32461080785853,0.7653203495216985,2.0268131524773096,443,SIM_ATTACK
0.43874466413742713,36,602.5464208317119,51.297960910599514,30.75431902031673,1373.3418775959801,16.737400578658665,1.1511913911599538,0.9022758485000854,22,SIM_ATTACK
0.2717859064746621,28,717.3653474583576,46.60590762491157,56.41635855212571,2639.4501347156342,25.62019098065563,2.6817836815834024,0.7877422100504152,443,SIM_ATTACK
0.40141793998256525,41,730.934058490089,64.98044084017991,37.15749550063423,1820.880398424235,17.827659963172902,0.7591328648428137,0.30367639991114226,22,SIM_ATTACK
1.1326024763826634,18,783.365992921299,8.431444196988087,7.461157466297067,691.6513156701146,43.520332940072166,1.087343213573824,0.6327511601299897,80,NORMAL
1.0338326418713808,17,395.5931388176905,10.632673171684752,5.810994121725171,382.6471740161076,23.270184636334733,1.863414976026659,1.1626404403434396,443,NORMAL
1.1155463650188489,9,922.3590194759652,5.935388758005885,2.132406792426419,826.8226659143661,102.48433549732947,0.6344786079748449,1.1576853706073766,443,NORMAL
1.070587954356962,35,1444.4383843294738,23.789227694426692,8.903088576796812,1349.2010427084072,41.269668123699255,1.261176758895325,0.44088713738335206,3389,SIM_ATTACK
0.8085734624020388,30,1285.548556507023,22.27089807411794,14.831482099080727,1589.897042487678,42.8516185502341,1.8657591570924357,0.6419069968967044,80,SIM_ATTACK
2.364070486167331,12,7100.06462761867,2.4849189090938144,2.5910718746897063,3003.3218845049787,591.6720523015558,1.4120583061394567,2.0193415642304733,443,NORMAL
0.5609217702612768,14,1123.286935021087,12.888470014795965,12.07044715021051,2002.5732545518085,80.23478107293478,1.5907183374169034,2.0866339211816722,53,NORMAL
0.8076501287831165,6,1300.2715095240537,4.141809686260896,3.2871496937619584,1609.944037875866,216.71191825400896,0.6353296817177161,0.8045323622080437,443,NORMAL
1.344071348290754,38,3994.0348044565208,21.073976972939253,7.1983316722262956,2971.594335029689,105.10617906464529,2.2247129126639864,0.9656395953880017,22,SIM_ATTACK
0.27678770295991206,43,836.2585795729294,105.16525994303376,50.18846256763649,3021.2996120497705,19.4478739435565,0.3305924332545368,2.0163549469907145,443,SIM_ATTACK
0.974726309194952,11,1562.705707887261,6.437721249185924,4.8474978900052035,1603.2251239611396,142.06415526247827,0.778935312308928,1.3655050162250257,443,NORMAL
0.3135404619578055,40,1202.0270234169445,66.63440737569086,60.94083363222401,3833.7221802610807,30.050675585423612,0.8979144456310609,1.265899204175004,443,SIM_ATTACK
1.0884915438973217,37,3691.6689467636256,18.785468110242924,15.206527700328337,3391.5458208758155,99.7748363990169,1.2699111979897355,0.3970615266155097,22,SIM_ATTACK
0.3978243974292563,41,1191.6595945260067,47.12363419521847,55.93691278214705,2995.441210309167,29.064868159170896,0.6716091323685115,1.433552528553187,22,SIM_ATTACK
0.9570129352069715,14,749.3091403209482,9.141631838275163,5.487219543939691,782.9665752207377,53.522081451496305,0.9766757211080853,1.2363953339016784,443,NORMAL
2.917782180406651,7,1524.3510948899627,1.6290156426407592,0.7700667998410888,522.4348497040702,217.76444212713753,0.8902578307199527,1.0764451765912773,443,NORMAL
0.5930662038554316,57,1970.1986398144911,59.19989717330507,36.91078933935038,3322.0551550679074,34.56488841779809,1.307175339937518,2.934157806148057,22,SIM_ATTACK
0.6962704824091972,31,2442.367499790591,28.463978509289912,16.058948690977846,3507.785496434725,78.78604838034164,0.5541232868536724,1.5746583788205835,22,SIM_ATTACK
0.7397782255441049,28,4780.92265601703,22.4654226641548,15.383758391973302,6462.6431151047655,170.74723771489394,1.820242592984723,2.073454850017311,80,SIM_ATTACK
0.6066179370589656,12,1040.9342483061018,10.415577837122605,9.366230887787477,1715.9635162666136,86.74452069217516,0.8853674338188924,1.718673579457746,80,NORMAL
2.1876355821789017,31,4471.08096655895,7.954553249700987,6.215997025004165,2043.79605222261,144.22841827609517,0.6842320626192788,2.1299434813090503,3389,SIM_ATTACK
1.4849826086585491,11,4536.20242683633,3.6604070520218905,3.7470871070758984,3054.717543752303,412.38203880330275,1.2846054233362936,0.9303444255929941,80,NORMAL
0.9952151881320298,33,2336.3307202852725,22.158234903170133,11.000423036867325,2347.563369355778,70.79790061470523,1.372902839514831,1.1069273483443498,22,SIM_ATTACK
0.28856937653446735,35,461.9093686560307,70.13521765247727,51.152773541624796,1600.6874125150257,13.19741053302945,0.4235381050945355,1.0684475594841696,80,SIM_ATTACK
0.8129236006296783,43,1413.6161287559596,27.806914744915282,25.088584865002368,1738.9286369112597,32.87479369199906,0.4991712751715049,1.521204781410793,443,SIM_ATTACK
0.3262359372103942,31,301.3534949201466,43.16980133468365,51.85345166766006,923.7286900302448,9.721080481295052,0.7108747112809239,0.7078701317911168,22,SIM_ATTACK
1.0600784391352445,18,1347.5806970813899,8.435099358558551,8.544776219972638,1271.2084760262405,74.86559428229944,1.6930470300733196,0.698847803284221,22,NORMAL
0.1045635747742546,30,328.0529003839196,165.90655751086766,121.00023641586918,3137.3535295839183,10.935096679463987,0.9501034014314663,2.6366250119855796,80,SIM_ATTACK
0.9246694572653382,13,3574.3720916329094,8.66510132548617,5.3939766486547995,3865.567380373878,274.9516993563776,0.8942999105212847,1.145418028788913,80,NORMAL
0.848519161676689,7,1063.275745163889,5.9594234828484485,2.2902428961262764,1253.0957380654047,151.89653502341272,1.6946069353041338,0.9954919526582234,443,NORMAL
1.5453923165878158,13,425.13815336390803,5.4523855065533535,2.959717918875631,275.1004704763911,32.70293487414677,1.1450412625256328,0.8381785365688605,53,NORMAL
0.8576650767267151,20,666.1562080712959,11.131404871506223,12.187721140165074,776.7090279735836,33.307810403564794,0.8604943995688034,2.175891343058069,443,NORMAL
0.4417671678110765,35,1177.2056804584108,37.43059517335575,41.79665970260617,2664.764985345963,33.634448013097455,1.1238988627901545,2.256371078140611,22,SIM_ATTACK
1.2511331766428762,11,3960.6728985417144,5.65601869976541,3.136010962109541,3165.6685095420903,360.0611725947013,0.7849175508762121,0.6850289804724781,80,NORMAL
1.0125233379659082,42,2867.8040779737685,28.637293605488722,12.843231756400904,2832.3338045076525,68.28104947556592,0.8992630517896865,0.46877663378336504,80,SIM_ATTACK
1.5334339958640162,14,2662.9888581015475,5.392013936651428,3.737821477041533,1736.6178559260918,190.21348986439625,1.6797788712661996,1.2507649450132008,443,NORMAL
0.7209816171521602,6,853.8779519266191,5.080078821138288,3.2419086709973453,1184.3269392906193,142.31299198776983,0.3465159435323979,0.2994233224719856,22,NORMAL
0.8633894111414379,17,1520.3576704767593,12.367496367156713,7.322344370553134,1760.917670355467,89.43280414569172,0.9195510853055923,0.9733808545579552,53,NORMAL
1.037522299553215,42,4217.772155202509,21.43627776993004,19.0447798594687,4065.235182914907,100.42314655244068,0.5528067407240613,0.515319699031403,22,SIM_ATTACK
1.0679521203528055,9,2693.046752662907,5.550967747896578,2.87637635159993,2521.6924067468867,299.2274169625452,1.5664674661031202,1.7361122863921563,80,NORMAL
1.0366732485809032,8,1255.9350713483686,3.760743389614629,3.9562494149659466,1211.505238576969,156.99188391854608,0.8779865720253346,0.5087876099574166,80,NORMAL
0.2816514513688784,34,1793.8629446295224,56.19866630301651,64.51791383443238,6369.088232675582,52.76067484204478,1.061922581276399,1.7550383853981595,3389,SIM_ATTACK
0.6629040576827351,15,997.4843385363029,14.055085835783188,8.572622995015639,1504.7190117120952,66.49895590242019,1.564134954591744,1.407553256896412,443,NORMAL
2.155188080320119,9,3326.251721933317,2.477758436570628,1.6982112071846363,1543.3695798091346,369.5835246592575,0.8566910713650112,0.527631926680387,443,NORMAL
0.8610905358972185,38,2117.362260432764,24.512568646336792,19.617518047050996,2458.931055636984,55.72005948507273,0.6474056859338306,1.9091961961934862,3389,SIM_ATTACK
0.6648303713663547,33,897.9195742276515,31.7532674657688,17.883454051899882,1350.5995106424718,27.209684067504593,1.3563799280322748,0.5172364621808042,22,SIM_ATTACK
0.5940270818625645,42,645.0480351730373,40.90633898695486,29.797508164776893,1085.8899448666502,15.358286551738983,0.9547493562928009,0.8649052812077256,22,SIM_ATTACK
2.371861540786619,13,1569.080432782041,2.6443780953519185,2.836548921867054,661.5396412480559,120.69849482938777,2.8736410019860372,1.0882693958835252,80,NORMAL
2.486475719149694,31,5385.054502741089,5.728192751059854,6.739252541589593,2165.7378197051644,173.7114355722932,1.5485736582160323,1.0018190912888534,22,SIM_ATTACK
0.5689911591799438,8,608.5903676276532,6.514508852456647,7.545463558239447,1069.5954722825247,76.07379595345665,1.0945223807749007,0.6593353116376081,443,NORMAL
0.9142846591684348,5,720.7391860786843,2.8311517243676168,2.6376045867659723,788.309394509818,144.14783721573684,1.2182320584724073,0.7057475758437491,443,NORMAL
0.5024258909912346,38,1633.6012634035817,34.37868640057468,41.25435855463236,3251.427310365424,42.989506931673205,0.9596035021970878,1.424572364326599,80,SIM_ATTACK
1.202230169259829,9,1881.2887073345144,4.386815795420948,3.0992715031044122,1564.8323885373447,209.03207859272382,0.9134640299423381,0.9867809606668094,80,NORMAL
1.6252931577501386,32,8935.955113303104,10.673918438056742,9.014837308812318,5498.057424712826,279.248597290722,1.1509633921010625,1.0436927805588903,3389,SIM_ATTACK
1.7450581196074935,31,6435.131895481912,11.733549503938312,6.030901806699218,3687.6318462844843,207.5848998542552,1.538477465648951,0.4551491155650638,80,SIM_ATTACK
0.49242109406687745,11,1203.5686052312826,11.340978663499437,10.997625698778455,2444.185717738204,109.41532774829842,1.5238665780464655,1.0195209077456224,443,NORMAL
1.0901267336228568,12,899.6240004684566,6.050326867963806,4.957567562915781,825.2471687201948,74.96866670570472,0.8109194077040299,1.9129552009782118,80,NORMAL
1.0468232365095613,11,1496.2108922930809,5.9649776155783965,4.54300464576065,1429.2870468579965,136.0191720266437,0.7100177873662593,1.1126111022041842,53,NORMAL
1.950821388863323,42,4742.705238718487,13.55306281329668,7.976330005423627,2431.132478756499,112.92155330282111,1.0071848664168281,1.2863947763852792,80,SIM_ATTACK
0.5628042977339923,26,2379.69164359129,21.856806104546326,24.340424628558022,4228.275535870274,91.52660167658807,1.5770138334183008,0.9653901779715859,3389,SIM_ATTACK
1.9730760814906907,14,1245.8182937753777,4.718251314351095,2.377268281336657,631.4091511535338,88.98702098395555,1.0088817535822345,1.9623957471616786,22,NORMAL
0.41169148629062297,10,358.74946666721615,17.42163269892582,6.868400816464291,871.4036568975007,35.87494666672161,1.077539166447015,1.660885100393855,443,NORMAL
0.5386521247777301,43,889.2577873253343,52.33165417907973,27.497233561302927,1650.8944203873298,20.680413658728707,0.8981210214380613,2.107523728251796,3389,SIM_ATTACK
0.7150894296339704,40,4672.680282486045,28.428285430860463,27.508774106538404,6534.399879016292,116.81700706215113,1.0742257832144428,1.5853152214252348,22,SIM_ATTACK
2.627390763120249,32,2535.4926204857775,8.003665289206836,4.175718321778113,965.02303961618,79.23414439018055,1.630660613322053,0.8514726320507197,22,SIM_ATTACK
1.0446656416056301,28,4071.475870952531,16.13015251640275,10.672681696623115,3897.396170409849,145.40985253401897,0.7824765461685228,2.2594873941012645,3389,SIM_ATTACK
0.9183251193202393,6,1625.18222545953,4.881849029003781,1.6517847285496527,1769.7242417397,270.863704243255,0.4912149761361317,0.646169009174801,80,NORMAL
1.3754306821399562,18,941.2782641318838,9.396135838930235,3.6906741571902533,684.3516553428932,52.29323689621577,0.5589553627970218,0.39419547216562184,53,NORMAL
0.582041458824507,20,238.6274390587779,18.007097578482444,16.35471582290665,409.9835766694536,11.931371952938894,0.680279297063061,0.49073354716118195,443,NORMAL
0.5749208838121803,12,517.3494567420161,12.476498344743492,8.395938781614669,899.8620006836068,43.11245472850134,0.8212661960641777,2.0512655878432606,53,NORMAL
0.5731005939975518,10,591.9496497292952,10.883136271164455,6.565807430406233,1032.8896112290959,59.19496497292952,0.5694652858057438,0.8966327075169481,22,NORMAL
0.8158382895933382,15,693.4476208017444,11.372733273430594,7.013263303754922,849.9817055012207,46.22984138678296,1.0155136597971048,0.46064238018478115,22,NORMAL
0.743677462057494,32,1754.081442532072,30.66160721103205,12.367799531330768,2358.65887031072,54.81504507912725,1.5773148173994975,0.8940650828057976,3389,SIM_ATTACK
1.7961105954341832,11,1479.1166408924873,2.7745808030043007,3.349763671084675,823.5108932893594,134.4651491720443,0.8628761687291298,1.6568851076760522,80,NORMAL
1.719724643016759,37,6269.741943005642,11.262696993814655,10.252375288393393,3645.7824620150786,169.45248494609842,2.965218648243689,1.4645389365476156,443,SIM_ATTACK
1.0808142192824832,13,1354.1504310281468,7.382955939450525,4.645013130599525,1252.8984231231918,104.16541777139591,0.5196565558466217,0.8318866613952262,53,NORMAL
1.2851162436115093,37,1394.0425641043944,14.59887375059781,14.192296062975178,1084.759897039955,37.67682605687553,0.7544193903108783,0.49342541846011084,80,SIM_ATTACK
2.026786666514966,39,5875.696230717681,10.180828458039345,9.061453250405089,2899.0205667875575,150.65887771070976,0.9935274228821994,1.3148265988202836,3389,SIM_ATTACK
0.7935998624526175,12,650.3362332717228,9.041777774693703,6.079192588020378,819.4762424250692,54.1946861059769,1.0171202027130997,2.9654055591082478,22,NORMAL
0.4806871094762805,36,1843.8277198697374,48.992382133420314,25.9004104759401,3835.8168619887256,51.21743666304826,1.4715194480861715,0.40355104933309416,3389,SIM_ATTACK
1.2969275090436498,50,8934.72113276371,24.40328504001954,14.149370872776878,6889.1445901646,178.69442265527422,1.919440003731348,0.5371079932981029,80,SIM_ATTACK
0.9107290282268747,38,5206.466282219935,29.76238650997775,11.962428250767633,5716.8116100971965,137.01227058473515,1.4515532596533334,0.4072524252014727,3389,SIM_ATTACK
1.117998319177402,7,1810.1364764004613,4.660167986626899,1.6010221063514551,1619.086938996759,258.5909252000659,0.7235149257616402,1.951710461541853,443,NORMAL
0.2691123493209013,43,1244.869229426118,105.31900876900974,54.46555744844366,4625.8346470071565,28.950447195956233,1.0458611312186892,0.6756142290597618,80,SIM_ATTACK
1.1244920839518877,40,3439.948654619906,21.63838084393794,13.933234617706727,3059.11326874853,85.99871636549764,2.990796383641966,0.7888463329624682,443,SIM_ATTACK
0.7048920023922036,24,575.0799716117122,22.017806135749062,12.029962768637432,815.8412489573633,23.96166548382134,0.592914952125631,1.25096047679626,3389,SIM_ATTACK
0.2034331370787635,45,671.2494465960035,114.15188043749349,107.05102016260533,3299.6072136277135,14.916654368800078,1.377061957945784,1.507406882794868,443,SIM_ATTACK
0.8060014647900684,9,669.6060163932929,7.562714320676596,3.6035184880244966,830.7751854616032,74.40066848814365,1.1145094139554308,0.9529187773426449,443,NORMAL
0.7428952875959551,16,608.1844177140173,11.37929684631057,10.158058777221207,818.6677555623368,38.01152610712608,1.0632350961703227,0.9245372265366695,443,NORMAL
0.32133923412576115,29,2314.715943347223,45.45168900234632,44.795616400299885,7203.340574470039,79.81779114990424,0.7032659757018005,1.6262562501850009,3389,SIM_ATTACK
0.33339094716233975,35,670.2631611733077,75.78532592286612,29.19652885724365,2010.4419957358143,19.150376033523077,0.817437819511944,0.4454142466804495,443,SIM_ATTACK
1.1857739740032405,19,519.5800951532215,10.418160074458322,5.605129706354559,438.1780225780209,27.34632079753797,0.8365996428163082,0.5749725909010157,22,NORMAL
2.2579751803912664,19,1119.2244289194325,5.922336060221945,2.4922825613643385,495.67614322735426,58.906548890496445,1.6779967837449754,1.0724959726021441,80,NORMAL
1.2430542041244372,38,7632.7922063378055,20.239629067511434,10.330236569816776,6140.3534785629645,200.8629527983633,2.1284077393758354,1.6199382052764375,443,SIM_ATTACK
1.2500219032635516,9,3561.4206992160794,3.5894884876359563,3.61038535177665,2849.086635936489,395.7134110240088,3.0909427871337796,1.4292388256831565,80,NORMAL
0.4214096274121714,42,1868.6830759186412,54.38343212465968,45.28206497828319,4434.362564030659,44.49245418853908,0.5897202840404823,0.6677207537676282,3389,SIM_ATTACK
0.5078995859030508,31,1013.3466987758198,41.63363187952293,19.40205482000779,1995.171342725312,32.68860318631677,1.1913521481930893,0.7692126071004451,443,SIM_ATTACK
0.27235758173108404,33,574.7881329693075,61.00480158667852,60.15944062113709,2110.417229129433,17.417822211191137,0.9700768649155005,0.3017578821538008,3389,SIM_ATTACK
2.824948867760684,18,3384.1831336864866,4.091020857643216,2.280775887219095,1197.962615291194,188.0101740936937,0.4316340822923674,0.9303380486664324,22,NORMAL
1.250954498050132,23,1541.8402737182628,10.1558831851359,8.230077324099407,1232.5310601796755,67.03653363992447,0.6475135599416597,0.7483609023205948,443,NORMAL
0.4570879133178177,13,644.5596880799557,17.147733614414367,11.2931846886714,1410.1438023188048,49.5815144676889,3.2381306559977663,0.7062374881807338,443,NORMAL
0.505417314253011,12,626.5190647294517,13.36895579928133,10.373800259116823,1239.6074433172612,52.20992206078764,1.5419688441420347,0.8248322672965395,80,NORMAL
0.4725378315179459,30,1108.6704143210359,34.79806642691785,28.688913871845102,2346.204558394032,36.95568047736786,0.7762516790149733,1.8413597785334392,3389,SIM_ATTACK
0.7595980767000616,32,1614.2543979258098,24.584808403566097,17.542733755332318,2125.1428188689606,50.44544993518156,0.4926104428666342,0.7018529861444717,443,SIM_ATTACK
0.8752954915507415,10,902.0636392975836,6.703133112228941,4.721580137788174,1030.5818412241763,90.20636392975835,1.996025936731259,0.8787871801708017,443,NORMAL
1.3753874198540994,8,1939.2707572186182,2.815378104657351,3.0011648450001625,1409.9814562971176,242.40884465232728,0.7722438979893346,2.003540447479422,443,NORMAL
1.5875292528288165,16,2244.6353964033588,6.918052906541399,3.160501533630094,1413.917502561698,140.28971227520992,0.5491120042604779,1.1637875047174746,80,NORMAL
0.6450481014446726,12,687.6682903171702,13.91036007251883,4.692903735442737,1066.0728847616851,57.305690859764184,0.8735909024372612,0.7275384393965584,443,NORMAL
0.5656869189537945,7,694.3106286994207,7.704336898442279,4.6699990910589415,1227.3761429440658,99.18723267134581,1.350101915732726,0.9829111895929521,443,NORMAL
1.6096661972020592,20,2972.364075615701,8.046032771632373,4.378903550422621,1846.571718274447,148.61820378078505,0.651393411973659,0.49211910402720593,443,NORMAL
1.0471407234593182,16,1810.4134351472276,7.2647556489445195,8.014948063793003,1728.9113054130617,113.15083969670172,0.7769198785073093,1.5069620454223898,80,NORMAL
0.3317103983560762,37,723.5253144315625,81.83489889446572,29.708182610872456,2181.1957599679786,19.55473822788007,0.5349252417086721,1.0046841590098259,443,SIM_ATTACK
0.5245939710532456,42,1419.2884282177158,38.6470462480861,41.41487271692819,2705.49893161784,33.79258162423133,1.3519484406527515,1.723458152847293,22,SIM_ATTACK
2.09746143670588,11,2005.7523406768294,2.4201369715789705,2.8242979474609706,956.2761467628782,182.34112187971175,0.6289321007294335,0.4669486327759214,80,NORMAL
1.8081429354714573,32,4542.206241667404,13.249481964374956,4.448233947479258,2512.0836149400234,141.9439450521064,1.4798658317764142,2.1095145192244487,22,SIM_ATTACK
1.4257857344437734,34,3433.2907070360006,14.15778789810666,9.688712441065311,2407.9990591120577,100.97913844223531,0.9078864174950202,1.287163030279573,443,SIM_ATTACK
1.1249337940090844,12,1114.5645000411357,7.20017464542213,3.4671197890653582,990.782307347178,92.88037500342797,0.642821924733866,0.9410587514540423,80,NORMAL
1.475332952080272,19,1649.8443110455162,6.237493957477659,6.640954919577059,1118.286084994697,86.83391110765875,1.8703861944961695,1.1124226520281195,22,NORMAL
0.2549718743182476,30,431.02531270559075,55.91223440259303,61.74780194539639,1690.4817986614437,14.367510423519692,1.422618462255072,0.6827031550527705,3389,SIM_ATTACK
1.557679135423582,9,1589.8123659268913,2.704826400883112,3.073000235764118,1020.6289150137274,176.64581843632126,0.6979451752003877,0.8704887021261455,80,NORMAL
0.5674267533169426,14,521.3817875997796,17.845035204411243,6.827752813005592,918.8530229708009,37.241556257127115,1.727284608896583,0.7936870554833686,443,NORMAL
0.48960599310777864,45,902.6808238808234,45.579503199514136,46.331136444339236,1843.688264825045,20.059573864018297,1.0720004282200128,0.6897497046761406,22,SIM_ATTACK
0.5028577740741554,17,626.009747911586,21.82614613953705,11.980629605950469,1244.9041860080094,36.82410281832859,0.9858873926430437,0.9009017820911728,443,NORMAL
1.3711421969905602,16,991.1927290261539,7.492756771651054,4.176346575264725,722.8956494823548,61.94954556413462,0.5965095767544342,1.282990961867475,80,NORMAL
0.9974423430323307,12,1786.746170198803,8.45557067471908,3.575199909492058,1791.327772156639,148.8955141832336,1.9782474095626892,0.4874027912454835,443,NORMAL
0.7748074357806034,29,1819.9857947915293,24.085235108304868,13.343419626768839,2348.9524115858917,62.75813085488032,0.9775831737885528,0.3569899246510572,3389,SIM_ATTACK
2.51912723565517,17,3303.2688914208497,4.8042264358508655,1.9441425069265206,1311.2751292063028,194.30993478946175,0.8571568268960105,0.8357110158233726,80,NORMAL
0.7050650476264112,13,484.08688304588725,9.032374559268595,9.40564054836476,686.5847125390161,37.237452541991324,0.8279415414581964,0.8076211096908821,53,NORMAL
0.7097183369360546,45,1852.2170039729247,43.508853483477445,19.89658168432559,2609.791670269059,41.16037786606499,0.8213984905739006,1.403345846066507,80,SIM_ATTACK
0.43784970179109317,19,602.3044541734461,20.655132021531678,22.738753876477404,1375.5963558034293,31.70023443018137,0.9496748959935207,0.7729218730290055,443,NORMAL
1.0084506296519955,36,3163.5482717164537,24.791215498377237,10.907111163804704,3137.038322647641,87.8763408810126,2.2297329202576934,1.0709445838107419,443,SIM_ATTACK
0.3168760012134261,34,983.4107838123122,66.68160374981694,40.61588760264404,3103.4561785887777,28.923846582715065,2.0486008506671216,0.5989984059209972,80,SIM_ATTACK
0.8025278544043394,41,2575.2561940396126,33.66641507208989,17.42215434639023,3208.930605843016,62.811126683892994,1.8365125137539597,0.6850691989396946,3389,SIM_ATTACK
1.3891758570821264,42,19989.3643828948,19.551451327414675,10.682301862205442,14389.369265948202,475.93724721178097,0.6359823572798902,1.01299978869704,443,SIM_ATTACK
0.6591157361245853,36,2234.199678295807,26.562792624915108,28.05583962269265,3389.6925165711737,62.06110217488353,1.0046047483731035,0.6880615318512241,80,SIM_ATTACK
0.9366101106176957,35,1655.0403079310722,27.004595525943255,10.364208849783001,1767.053642886228,47.28686594088778,0.49001919823917633,1.6168203517456194,3389,SIM_ATTACK
1.4945012059834435,10,1853.4185451729682,3.787294428318598,2.9039012428281423,1240.1586146284453,185.3418545172968,1.862899768572275,0.7965314072825824,443,NORMAL
0.47587174388821685,34,1344.2460210523175,43.2983915137283,28.149431217235666,2824.807394674989,39.53664767800934,0.9520309791834395,2.146999320075886,3389,SIM_ATTACK
0.565843933228422,26,2333.833267883391,31.81525866345144,14.133806923692045,4124.517611362744,89.76281799551504,2.0828452204700656,1.2740840499626154,443,SIM_ATTACK
0.5427062094150847,12,356.70016174636237,15.05623870579606,7.055172204599275,657.2619873481915,29.72501347886353,1.6905474696018439,0.75302216084422,22,NORMAL
1.1814705583573633,38,2249.156110073557,14.58587249483588,17.577434268248105,1903.6920506936979,59.18831868614624,0.8268155416917644,0.9890109781757745,3389,SIM_ATTACK
1.408869636484312,29,1965.7564063253453,12.149951479211431,8.433926013078409,1395.2720361201668,67.78470366639122,0.8866536551536338,1.046090613338789,80,SIM_ATTACK
0.3614877629616825,42,404.6648541320706,76.79392364611546,39.392581965837934,1119.442746323241,9.634877479335014,0.9773169865622027,1.4843791328638405,443,SIM_ATTACK
1.3716175569682805,15,1081.0171486626502,5.371315130991262,5.564677867782291,788.1330646219261,72.06780991084335,0.6973331666110548,0.44566267928365827,22,NORMAL
1.3034731461031581,10,1058.1528651933036,4.254693920360712,3.4171173708007787,811.794909896487,105.81528651933036,1.8809561238893033,0.9890510147688304,22,NORMAL
1.5013237211197428,37,5890.302241682375,11.844766940893091,12.800151060138713,3923.405831015026,159.19735788330743,1.3633205245209843,0.7659582854925099,22,SIM_ATTACK
0.765711264813391,19,1143.8774376854951,12.989740850512272,11.823789879808677,1493.8756816699906,60.20407566765764,0.7231369781025913,1.4505227308796302,443,NORMAL
0.8256422913590096,10,1374.4403914512384,8.30337602564569,3.8084066490765203,1664.6923320617523,137.44403914512384,0.6400572582218549,0.6718943631577472,443,NORMAL
1.3809802512685216,42,4247.724736416227,18.22052128791253,12.19265801817836,3075.8765250367705,101.1363032480054,0.9026945619610651,0.6683058232039716,22,SIM_ATTACK
0.6681120017873976,16,1150.7200883421078,15.967589743424941,7.980490753849853,1722.3460815904975,71.92000552138174,0.7069280981587924,0.561431136365727,80,NORMAL
0.6572096872787336,41,1308.9982262494925,34.92064161180933,27.46431830831311,1991.75126536795,31.926786006085184,0.3457575979531841,0.6022825871760358,22,SIM_ATTACK
1.9505142387829395,10,2533.4172659421374,2.421868448627935,2.704984665881852,1298.8458200248317,253.34172659421375,0.9260635985095951,0.9911961736556619,80,NORMAL
0.4955264485964658,9,627.1467604916348,10.5470900306784,7.615411739896496,1265.6171275377365,69.68297338795942,0.7139508943492934,0.9796814036621526,80,NORMAL
1.0054399241003733,44,8319.390660591083,24.06327313403629,19.698665242709,8274.378668655847,189.07706046797918,0.6984259308104334,0.9455370372599419,443,SIM_ATTACK
0.6342656271877919,8,996.0019328199027,8.677241619570944,3.9357704326041283,1570.3230478308874,124.50024160248783,0.6559195446364249,0.6907651497119788,80,NORMAL
0.7126070325875695,40,2882.6669828405384,25.493731494508815,30.6381871798758,4045.2407161534693,72.06667457101346,0.5706584711699552,0.4756822630043636,80,SIM_ATTACK
0.6097116978483867,11,816.8495006243212,9.73350878806768,8.30780489972596,1339.7307342255424,74.25904551130192,0.9570721935553352,0.6198086055797424,80,NORMAL
0.45882599362131005,35,1171.9565051818706,54.79169280050779,21.489948794730793,2554.250459814052,33.48447157662488,1.224052062994431,1.642469924455974,80,SIM_ATTACK
1.455319694658807,8,2051.1065913979387,3.355005435094545,2.142068526977798,1409.3855796260707,256.38832392474234,1.0989505611350299,0.749227290329636,443,NORMAL
0.33927020958900506,43,738.4994102750259,76.99078425954964,49.75184973737741,2176.729313103118,17.17440489011688,0.9522868483153066,0.9973274326621989,80,SIM_ATTACK
3.6960533381008154,35,6721.8131573940445,4.810841480427299,4.658718831162914,1818.6461456338152,192.0518044969727,1.4024383989255829,1.1287260821276652,3389,SIM_ATTACK
1.4189394819752692,39,6145.986505354173,18.27994490131036,9.205371065589866,4331.394385332419,157.5893975731839,2.015045147733697,0.6538423096912855,80,SIM_ATTACK
1.3557851542034594,15,1332.1264949596753,5.555614691422509,5.508085153272049,982.5498463599243,88.80843299731168,0.558369058361205,0.564047502316138,80,NORMAL
0.8351823606325807,41,6077.792144243521,28.061735776164472,21.02933933819251,7277.203675183109,148.23883278642734,1.573590624608681,1.9691674455825214,3389,SIM_ATTACK
0.6895896001475502,32,1537.629585270597,32.51668702603615,13.887725095540247,2229.774905163293,48.05092453970616,0.6640355170800708,0.8796597140922701,3389,SIM_ATTACK
1.3369468546980703,16,1402.6249351760982,6.922447691043258,5.045118516824715,1049.125423532905,87.66405844850614,1.3746076243613352,0.3587045830531695,80,NORMAL
1.6592370842259578,14,1748.9844333612493,5.419641599487805,3.017971164290958,1054.0895270413746,124.92745952580353,0.7477516989795711,1.3886222187715322,80,NORMAL
0.9025051842836164,10,960.6714536476209,6.6040153962803325,4.476253364655066,1064.4497897374133,96.06714536476208,0.6280892598108442,0.8881047396925581,443,NORMAL
1.8109698792089615,10,1556.0816659323687,3.2164358037969225,2.3054671912810734,859.2532011697904,155.60816659323686,0.8276904443626857,1.0740982374483874,443,NORMAL
0.5243497574155371,42,615.9705869912922,49.95644246855738,30.14276498986394,1174.7322818024063,14.665966356935527,0.9447305529592838,1.1612073909982454,22,SIM_ATTACK
1.2385548053331947,17,1290.876925294727,6.656866639807122,7.0688077726599765,1042.2444931271787,75.93393678204276,2.1714398061048947,0.428307561634879,22,NORMAL
1.1714556617558722,9,4407.32844785102,3.8158576120817957,3.866891546781011,3762.266547284394,489.7031608723356,0.7221657492850514,0.799431675117209,80,NORMAL
1.2390912143047315,16,1112.6764016665331,6.4522791980895375,6.460410211122187,897.9777992299533,69.54227510415832,0.8020468542491124,2.627160059430875,443,NORMAL
1.5418520430507778,14,2598.1809027558143,5.99264632455786,3.087342941013283,1685.1039076453385,185.58435019684387,0.9329430941529927,1.0836691910701972,80,NORMAL
2.899747186183428,13,4895.572730168623,2.3772339728355294,2.105915476172218,1688.2757067563705,376.5825177052787,2.322178152440263,1.3562664402076128,443,NORMAL
1.2512737506261908,16,871.7829576003074,6.802692336718386,5.984277734373504,696.7164117076939,54.486434850019215,0.49777199949783113,1.3200206583252883,80,NORMAL
0.47786409432053223,12,616.7026115153744,13.16038039267405,11.95136192615955,1290.5397556438188,51.39188429294787,0.5719052115155397,1.4103875753875752,443,NORMAL
0.7708247708377768,15,873.7997770075328,11.703040809790972,7.756634809736843,1133.5906811321552,58.25331846716885,0.850388369451903,0.47531232696180564,443,NORMAL
1.1298130702574571,15,817.8082440755887,6.160232389219716,7.116300158400628,723.8438513454531,54.52054960503925,0.6282352055112396,2.2859021895115332,443,NORMAL
0.8184499084546535,37,2858.5128391608005,27.313363847460604,17.894045448804224,3492.593510772171,77.25710376110271,2.2286003594995556,2.802075667721985,3389,SIM_ATTACK
2.715797250462591,35,12526.959216746645,6.552276068962612,6.33528392618737,4612.626813217697,357.9131204784756,0.504338895221916,0.947758549437104,22,SIM_ATTACK
0.6772321206018346,7,553.8119814093934,6.842903931743994,3.493286256310471,817.7579954672533,79.11599734419906,0.8604928562880593,0.9025688223073492,80,NORMAL
1.504390651666912,16,754.8718996550123,7.5974904034003155,3.038044975838779,501.77917472339414,47.17949372843827,1.2736520742119488,1.314567944596837,80,NORMAL
1.103950423913251,12,760.1722316383255,8.044089022012018,2.82596432464349,688.5927258795638,63.34768596986046,0.781536337753647,1.2088354283148242,443,NORMAL
2.8479064758231702,7,2168.268343877771,1.3349607918090935,1.1229850920973266,761.355178719851,309.75262055396723,2.373594255762586,0.5177902380051091,80,NORMAL
1.742772584028774,36,3066.3089935457087,13.267163515974813,7.389576399441266,1759.4429827770819,85.17524982071413,0.8368698547494873,0.6226035264319986,80,SIM_ATTACK
0.9504154763547644,23,4980.079078859635,17.08147290334035,7.118469724082438,5239.896869062248,216.52517734172326,1.6417974825744084,0.4657617405908351,22,SIM_ATTACK
0.7676169268561036,39,7639.884054507092,26.250155155650308,24.556436824715032,9952.73004960618,195.89446293607926,1.0535999023651659,1.8583094796548298,22,SIM_ATTACK
0.8318322522389889,12,1339.810491735386,9.489737119128707,4.936248369772905,1610.6738926377343,111.65087431128217,1.0134778534290612,0.8755520393552567,53,NORMAL
1.4545796373797768,10,1060.0685505187146,4.816157401990652,2.058681034503352,728.7800016424544,106.00685505187145,0.8211840849451203,0.6680669512317889,443,NORMAL
0.22369279116060045,37,1215.7927264146747,116.3769002903132,49.028519383831835,5435.100166199791,32.859262876072286,1.6891244410097745,0.3037032293237885,3389,SIM_ATTACK
1.1173533443597639,39,1199.6476524086145,25.443299093165777,9.460610396939828,1073.6511046073833,30.7601962156055,0.8819948469933817,0.5626674230092804,3389,SIM_ATTACK
0.5444683516161144,15,294.0700543941866,18.383238550159305,9.166572114641237,540.1049547164959,19.604670292945777,1.0187891086106697,1.1360594250857567,443,NORMAL
1.8016554640566844,16,1270.5646962393632,5.209812199823032,3.6709090696996753,705.2206826373481,79.4102935149602,1.5131393377490656,1.1678209751115662,80,NORMAL
0.9186409786314007,12,559.302234793348,7.492517203146125,5.570257350932339,608.8365833914804,46.608519566112335,1.6654928091378334,0.48179886112739784,443,NORMAL
1.9247100681153313,12,3285.365962031415,2.8997848241716846,3.334920443282106,1706.9407057492213,273.7804968359513,1.2334329588838857,0.7507108602242988,80,NORMAL
0.5200878884153761,33,879.8963774127939,42.542196326214395,20.90861792086541,1691.82247272417,26.663526588266482,0.7621336310870727,0.7695774475216366,80,SIM_ATTACK
0.8360989229274016,5,1371.7463799914817,4.059335797178116,1.9208178220774723,1640.6508158013621,274.3492759982963,1.4073383102333292,1.0234666430496049,22,NORMAL
3.459598394759434,26,5543.747870125556,5.374697955967224,2.140625221250266,1602.4252637309496,213.221071927906,0.9033646831334555,1.7677911689026304,3389,SIM_ATTACK
0.7990896761641946,15,1697.07520565732,11.62913598476418,7.142224035807335,2123.7606444919334,113.13834704382134,1.500030555309376,0.8406250641645686,80,NORMAL
0.6019782566396412,16,852.5657507766418,18.6423719258044,7.936661159734413,1416.2733310931003,53.285359423540115,0.6328373703805594,1.8626790258989767,53,NORMAL
0.4099149561362352,12,744.7118038636198,19.731482064983396,9.542882825503305,1816.747090379681,62.05931698863498,1.999572022555037,1.5208789247170236,443,NORMAL
0.5599693590188651,35,621.9595604211445,40.011202254946085,22.492217684538254,1110.7028454394251,17.770273154889843,1.873467874514276,0.8867003666952497,3389,SIM_ATTACK
0.36915813170726197,9,281.68989819732934,15.639737813862324,8.740058341181859,763.0602552206709,31.298877577481036,0.5322441233179053,0.7440411457818783,53,NORMAL
0.5877048228897138,36,1133.583208198153,43.08724421872938,18.167995823354815,1928.83087571816,31.488422449948693,1.1366714710905688,1.1439143960289648,80,SIM_ATTACK
0.6614290724600596,12,409.35606610374384,9.107516916757842,9.035017936402276,618.8963913866409,34.11300550864532,0.49474560634607784,0.5461733354605643,80,NORMAL
1.0445550710219123,38,11403.396318705383,20.970392577699396,15.408732902801813,10916.989094264965,300.0893768080364,0.539907602202579,1.3522243990925193,22,SIM_ATTACK
1.4239359320639722,12,2185.2945091321953,5.9113623957736205,2.5159830555109703,1534.6859784377,182.1078757610163,1.1058637544988523,2.452419404061444,443,NORMAL
0.5624616896044822,17,1093.4304480535666,19.420429240247728,10.803851478238613,1944.0087534183115,64.31943812079804,0.7485857875330224,0.5412579043044151,443,NORMAL
0.2927785388222439,36,1362.2748124326686,82.00743071366298,40.952401468083295,4652.9189533928,37.840967012018574,1.4588937040597858,0.689489487136222,3389,SIM_ATTACK
1.3121646969680862,39,2341.215054805423,18.196223899066652,11.525654833164275,1784.2387165384655,60.0311552514211,1.1023074555051202,2.0303740953194414,22,SIM_ATTACK
0.867114900167037,30,5814.560412945588,23.603686161164962,10.993804891313712,6705.640062032723,193.8186804315196,0.8950484054715492,1.840072866044151,3389,SIM_ATTACK
0.37248349867453395,27,1275.1565038804733,48.32196845764931,24.164464085210447,3423.390588893364,47.228018662239755,1.5549742205772705,0.5709958017033514,22,SIM_ATTACK
0.8142697208925309,9,1067.6343645526642,5.369804168957828,5.683044499091612,1311.1556738010806,118.62604050585158,0.6329082703753351,1.0513756838474313,443,NORMAL
0.7995098692214975,32,2284.9158866163993,29.003341315543885,11.021180246846825,2857.8957866289734,71.40362145676248,1.3233228461118451,0.5427179840254148,80,SIM_ATTACK
1.7125821882973002,30,8681.416572552826,11.4010692887936,6.1163381705394215,5069.1970475204735,289.3805524184275,1.3642605504339862,1.2720332247133297,80,SIM_ATTACK
0.7207998017607917,16,373.36820684098876,13.995375896640926,8.202188476871264,517.9915503984789,23.335512927561798,0.5744304505037007,0.5347136027617992,443,NORMAL
2.0870383143356555,7,2637.3116231964464,2.3418470840341814,1.0121881303256637,1263.6622936344863,376.75880331377806,1.1178426731162354,0.7074137706656318,80,NORMAL
1.1819286628559607,10,1419.2636481179584,4.326961549141727,4.133785968256182,1200.8031387347116,141.92636481179585,1.483024277704544,0.5180242383948412,80,NORMAL
0.22161183540923032,40,1597.4239939434933,118.97386930856221,61.52190577554218,7208.207048119413,39.93559984858733,1.1421445489419266,1.3378285227091986,80,SIM_ATTACK
0.4798299095915603,35,2089.1670891829335,36.18370096423545,36.75881324833754,4353.974288433311,59.69048826236953,0.5977587972123916,1.4439243024193666,443,SIM_ATTACK
0.5463132480094374,37,653.1048611202852,49.39526017178059,18.331451810427893,1195.476887115509,17.651482732980682,1.4390716802627288,0.7729901644261978,3389,SIM_ATTACK
1.6233613956709523,13,2469.79170787237,5.388313225974664,2.6197618919056422,1521.405963243064,189.98397752864383,1.3136422104975516,0.7715387143567217,80,NORMAL
0.9525208340455942,7,1542.595253483599,4.403972207671397,2.9449484141162126,1619.4871527710436,220.37075049765699,1.029760323841115,1.9047265977769734,443,NORMAL
0.15094817878420969,33,196.9512493633123,155.71281530456886,62.90525790302951,1304.7606864132292,5.96821967767613,1.10765921319178,0.9522110962446397,80,SIM_ATTACK
0.5996133001277981,36,724.4083707514048,32.843166721453656,27.19552820463816,1208.1259214847446,20.12245474309458,1.6518807311492651,0.8243837381795805,3389,SIM_ATTACK
0.29440601347159606,37,735.9658872873023,81.33172223298328,44.34505849476403,2499.8330659380617,19.890969926683844,0.7741861242987776,0.8084731668826386,80,SIM_ATTACK
1.9434802228665127,11,878.2870977871514,3.231508434814319,2.4284411085752624,451.9146052804862,79.84428161701376,1.5274839088758863,0.720016813342944,80,NORMAL
0.22780723892646854,36,601.4873857641581,112.03878503405983,45.989555810807076,2640.3348225396203,16.70798293789328,0.7545182633432911,1.1644518072197265,22,SIM_ATTACK
1.7577057871276864,13,1432.5845440718888,5.011283129374489,2.3847214211047154,815.0309082232204,110.19881108245298,0.34862380235284385,2.2466052865787463,443,NORMAL
0.9104325202015866,11,342.42074220342823,8.274562142465937,3.8076073274519384,376.1077670288073,31.12915838212984,0.8713560911777127,1.0892083635045313,80,NORMAL
1.2195667250307882,14,691.910136411698,7.700370057755191,3.7791166424469376,567.340943476652,49.42215260083557,1.0325888774574756,0.7851757893311921,80,NORMAL
1.5666000599291452,13,2202.365761126731,3.8123497314035104,4.485875407556313,1405.8251480127865,169.41275085590237,1.0589296692939143,0.7704761103638098,80,NORMAL
1.016526116611169,15,2048.8999243452345,10.352775924373406,4.403362412736968,2015.5900481688839,136.5933282896823,0.635611849849956,1.0995257534493288,443,NORMAL
1.2004989191210034,10,1857.787193540101,4.177356978845454,4.152513078282068,1547.5125915984659,185.7787193540101,1.231570359373591,0.7487081604626635,443,NORMAL
0.3018260754307542,43,1524.0771914575434,66.41657669945737,76.04957682499246,5049.521282355877,35.44365561529171,2.71777017933409,1.8200403468585646,80,SIM_ATTACK
0.2422548691556839,42,464.0628217109933,118.2266199155332,55.14450837749155,1915.5974999733262,11.049114802642698,1.6782694104331124,0.648159676003113,3389,SIM_ATTACK
1.0185070451867255,35,5756.001728717036,22.149296608592877,12.214726856343844,5651.410813424244,164.45719224905815,0.6777498927515762,1.0372183253184752,3389,SIM_ATTACK
0.650739265099091,11,1308.5163633060522,9.708970732749592,7.194880917150435,2010.8151351629267,118.95603302782293,0.5983694774832441,1.1957512006223219,80,NORMAL
1.3221702028660407,10,1176.8412926841218,3.75635284494459,3.8069699241839303,890.0830544608459,117.68412926841218,1.511654334602374,1.059370428469179,80,NORMAL
1.2151236639718968,17,1496.3871680665702,7.362359021273938,6.627986574030982,1231.46903680182,88.0227745921512,1.2803528735574625,1.136365700256362,443,NORMAL
0.4709229652500361,39,511.1871025918701,58.09436920579281,24.72172361162371,1085.5004752644752,13.107361604919745,0.8625554665127827,0.82568383825658,80,SIM_ATTACK
0.5328868955480092,33,1752.452161308362,45.94464658223162,15.982190567823508,3288.600594139548,53.10461094873824,0.7560297392530186,0.7104782258888455,443,SIM_ATTACK
2.212533089677676,8,2890.906730776839,2.4985112792233126,1.1172538532048075,1306.6049697805827,361.3633413471049,0.521608324192746,1.3392984659869906,80,NORMAL
0.7950600421444388,7,814.5506294090621,4.218252181400375,4.586114317914035,1024.5146105092306,116.36437562986602,1.3953258191879139,0.9629848417305725,80,NORMAL
0.39203055188793345,34,1357.934101132571,44.55363562089091,42.17429881244198,3463.847637876837,39.93923826860503,0.7475924125790854,0.9276839943951466,443,SIM_ATTACK
0.9215286154244071,13,663.1054166158362,6.707258404713664,7.399737061740615,719.5711619985291,51.008108970448944,1.6567535273854703,1.098390797906855,22,NORMAL
0.8968057887629787,31,6610.317582846066,24.49302844158582,10.074099010568872,7370.957754369648,213.23605105955053,0.8194583230994682,0.8662106630604788,80,SIM_ATTACK
0.7550566640113575,43,8090.478813065775,41.75230967568725,15.197058563188655,10715.061794281546,188.1506700712971,1.4073370181763751,0.31000080068509617,80,SIM_ATTACK
0.3529587273796094,45,393.86392215433284,89.48042704738698,38.01323300199948,1115.8922888191673,8.752531603429619,0.9408310420209371,0.8490645401739065,443,SIM_ATTACK
0.29640830413194297,41,818.367185930262,72.15099161756042,66.17171873993784,2760.945542085672,19.960175266591758,1.117820475219448,0.5081058001211206,22,SIM_ATTACK
1.0675668573075432,12,1873.1999418729963,6.939734675132452,4.300779132372399,1754.6441509033916,156.09999515608303,0.3050666095257678,0.7434636314929012,443,NORMAL
1.4676443320688908,16,1231.5530762959079,5.5693879208094135,5.332435941001382,839.1359196405763,76.97206726849424,0.798041971761403,1.1080777745285004,22,NORMAL
0.27770488915700875,31,920.5893951979011,57.4338646554802,54.195426762839865,3314.991673327791,29.696432103158102,1.9692935134014098,1.1700688912519017,80,SIM_ATTACK
0.4138242423853419,38,2677.416264370129,68.81883080435557,23.007592367381747,6469.935760498515,70.45832274658234,0.7552057646890573,2.4405165664344324,3389,SIM_ATTACK
0.498400095893545,26,1355.8024807481288,29.77958115699736,22.387342995347566,2720.3094299518743,52.14624925954342,0.5719787817411233,0.72832238099364,80,SIM_ATTACK
0.7214746241627262,12,666.6470506977998,8.037239718182827,8.595361898160979,924.0062344139214,55.55392089148332,0.9812126579807092,0.8014465610369856,443,NORMAL
1.1230864583556206,18,1092.8972188654716,11.518818663677257,4.50844252007426,973.1193985418088,60.71651215919287,1.3047012195683056,0.4484438461946089,80,NORMAL
2.196087682738849,17,3142.190297585985,5.0960412273638465,2.6449975907212604,1430.8127686719706,184.83472338741086,0.8548590006954282,0.7280169503161719,80,NORMAL
0.766665951623145,43,2166.4947639427583,34.94202220788758,21.14498662426761,2825.8653711645456,50.38359916145949,1.0837181849276423,0.3349330479897137,22,SIM_ATTACK
1.9148018580401323,15,2764.1614997569486,5.14840301475686,2.685305698766655,1443.575735082149,184.27743331712992,1.193182994625557,1.1985646939927077,80,NORMAL
0.48714838148916545,39,889.3892358645483,48.12140422428577,31.93633892325539,1825.705000077741,22.804852201655084,1.7294502382242756,0.8789970309673754,80,SIM_ATTACK
1.1806862806511116,40,4050.3864463035147,16.960981175766964,16.917620325337335,3430.535708494769,101.25966115758787,1.344442292934714,0.6641576200040772,443,SIM_ATTACK
0.4000794678168922,34,1040.9491704984598,55.49937771176275,29.483738731396173,2601.8560167023616,30.616152073484113,1.9342749012051896,0.7029222608920711,3389,SIM_ATTACK
0.8440727951310136,10,756.5382274263019,8.555879794023628,3.2914396050666355,896.2950017940989,75.65382274263018,0.7449611879336991,0.846469675068235,443,NORMAL
0.24385862890655263,41,984.180004577435,121.76030777333676,46.369892022510214,4035.8629464556525,24.004390355547198,2.149196582842627,1.4414561804759976,80,SIM_ATTACK
0.8455198074089324,16,1753.4801328176459,10.005901885422595,8.917368580625354,2073.8486756343746,109.59250830110287,1.0434475388139497,0.6537297175091594,443,NORMAL
0.3560247024267474,41,914.5436824978316,79.9723797072033,35.188168761862016,2568.764684765098,22.30594347555687,0.8728921989112652,0.5702185026793896,80,SIM_ATTACK
1.6061255770850598,15,1561.367387510144,5.694548725229669,3.6446961096750456,972.1328206128521,104.09115916734294,0.6636528083258334,1.4155955367868338,80,NORMAL
0.631015281450482,16,1376.675987062924,16.65960176187292,8.696361033864182,2181.6840693595095,86.04224919143275,0.7167140396095464,1.4793134488549804,53,NORMAL
2.0659484618206774,19,1550.2627759345876,6.0958435516425595,3.100900874041562,750.3879233116847,81.59277768076777,1.461128732951166,1.7900070878792604,80,NORMAL
0.662752801377647,40,1780.1899049757903,34.77005892727779,25.584269137202725,2686.054138549631,44.50474762439476,0.973063299870418,0.7292143896863041,3389,SIM_ATTACK
1.0604300471619275,31,12388.918414326372,18.807026254287248,10.426396622560286,11682.919064282782,399.64252949439907,0.5954204400198158,1.8083278162851377,443,SIM_ATTACK
1.1147337614210469,9,1030.1099828234,5.053438776116528,3.0202379272129987,924.0861077987182,114.45666475815557,3.0719430213379395,3.4385957778589358,80,NORMAL
0.5509940430110238,35,3322.630084526985,28.660612761745938,34.86094512794571,6030.2468360089115,94.93228812934242,1.4778272519753055,4.084427241030132,22,SIM_ATTACK
0.6314565506262829,6,1281.2667865282588,6.398480990585183,3.1033604172664884,2029.0656344565427,213.54446442137646,0.7597443162178529,0.975645587203096,22,NORMAL
2.0106733485739317,40,5316.763221628497,14.036728182017388,5.857104910448857,2644.270003081011,132.91908054071243,0.7982675909536918,0.5941385612612002,22,SIM_ATTACK
0.9142536150161485,47,4055.3173109087334,33.42629998505058,17.98175487855511,4435.659038479278,86.28334704061135,1.6072041448195475,0.8000129739277467,443,SIM_ATTACK
0.37205829243531635,41,492.926360502629,82.59499242329503,27.602793336655466,1324.863255368313,12.022594158600707,1.4451106706008707,0.7756776384208234,22,SIM_ATTACK
0.9769959925124565,38,7394.8323727582865,22.62738079248179,16.267353977390368,7568.948521213104,194.60085191469176,0.514181176392507,1.0040435448636036,443,SIM_ATTACK
2.0474748498069686,9,3095.3753728617003,2.5381731907454395,1.8574851983422214,1511.801413899431,343.9305969846334,0.9107198165778546,0.7803394555196921,443,NORMAL
0.47153239214827564,40,1482.6412704407014,44.21511710169607,40.61468603815228,3144.3041774624844,37.066031761017534,2.5865648198079283,1.508949395687978,3389,SIM_ATTACK
3.3541805933536577,14,3809.461166653684,2.8652362951005617,1.308659418130008,1135.7352595152954,272.1043690466917,0.8886718986665144,1.1254387266651362,443,NORMAL
0.48965072663333103,28,1130.2295187557504,41.498641313087845,15.684976472018512,2308.236171784769,40.36533995556251,1.2854103252377662,0.6594763171911326,443,SIM_ATTACK
0.7907442724646289,32,9799.597083088143,24.917872094917254,15.550331234916424,12392.877728401749,306.2374088465045,0.7963082153754103,1.326103621160065,443,SIM_ATTACK
0.3928213674932892,38,871.269349919075,62.45613825155709,34.279943704700486,2217.978506309129,22.92814078734408,0.9511840465368685,1.319999119255031,3389,SIM_ATTACK
1.7547834775780238,24,7472.4737902281,7.3454469921457,6.331454065257194,4258.3451951244215,311.3530745928375,0.7591842380700977,1.2374329373344946,22,SIM_ATTACK
0.9336396614204019,35,9926.58595248218,23.835613377508476,13.65208283577407,10632.138246334,283.6167414994909,2.438538489641197,1.133279812713689,80,SIM_ATTACK
0.8389903211468037,26,1973.6856933457698,17.520194776506088,13.469435669362436,2352.4534712724308,75.91098820560653,1.6881993043169394,2.0029528008429884,80,SIM_ATTACK
1.245507826428601,18,1133.903042543531,7.01868985339561,7.433246632313702,910.394152877314,62.99461347464061,0.5991646805110686,1.3551750703487246,443,NORMAL
0.605820228026118,11,403.7782687032751,11.817346611354427,6.339854966150128,666.4984924964696,36.707115336661374,0.8381869370313115,1.047735121738591,443,NORMAL
0.8755356609781267,10,855.8051628756173,6.423094677244499,4.998484643497558,977.4646550884438,85.58051628756172,0.9016763489570268,0.6509973102648217,443,NORMAL
0.36287325749087,40,553.9401353467567,72.80543283121624,37.425892223114644,1526.5388780012095,13.848503383668918,1.2141859937724946,2.8158701319942594,80,SIM_ATTACK
0.6814350156205351,38,1587.85058691101,35.56797270786644,20.19669909344401,2330.157022331859,41.78554176081605,0.8513614689256205,0.8096097752174161,443,SIM_ATTACK
2.3777527114083976,14,2674.2394624825642,4.095944994628787,1.7919675426289157,1124.6920041985993,191.0171044630403,1.0969630393738097,3.2130113972252654,443,NORMAL
3.520971756742907,15,3496.234411277653,2.9368890867987623,1.3232984512790291,992.9742846082535,233.08229408517687,0.9930623342151713,0.489619968427382,443,NORMAL
0.861335039744428,38,1628.126198071196,32.50745547452882,11.610104181787044,1890.2356492478086,42.84542626503148,1.627105468791087,1.0450968588939915,80,SIM_ATTACK
0.9931998306102283,14,789.8299053636348,7.024332096084966,7.071522100142908,795.2376561304468,56.4164218116882,0.6033966918036637,1.1461487748961359,443,NORMAL
2.2321666296669544,42,5187.391937448143,9.586845255815511,9.228954354210249,2323.926837944942,123.5093318440034,1.288609109938355,0.8244566572728371,22,SIM_ATTACK
0.8300498726624966,27,1974.5613111019964,23.53734176302122,8.990824181265797,2378.8465923960994,73.13190041118504,0.8099541818420001,0.8753121857882983,22,SIM_ATTACK
0.6755603116507048,32,1236.1743861715354,26.59712147070336,20.770966097687488,1829.8505179367216,38.63044956786048,0.7089915541989318,1.9801073228186554,3389,SIM_ATTACK
1.7040199147417046,7,1785.8326449634803,2.4319305730313805,1.6760026379845603,1048.0116045088457,255.1189492804972,0.9254424582579035,1.1222386094335526,80,NORMAL
0.38888080027736227,40,1682.1298500580765,76.08419445048337,26.775087806369413,4325.566725995029,42.05324625145191,1.5705098006657512,0.934006409410722,80,SIM_ATTACK
3.47090086370082,36,10400.867849692217,7.70460123606303,2.6673458213978085,2996.5902969070617,288.9129958247838,0.9253940708466004,1.4125997676492708,80,SIM_ATTACK
2.56276675895507,11,4580.720922774201,2.0929605162811815,2.1992755842389795,1787.4123373763139,416.4291747976547,1.7530232197459024,1.4924777957991415,80,NORMAL
1.2781111889726908,16,1230.7459255779816,8.941368674720936,3.5771040043738633,962.9412027659503,76.92162034862385,1.0555610431395743,1.4817495827187925,443,NORMAL
0.849479897125021,11,1303.433474902643,7.00296984873594,5.946129991329009,1534.3900183088288,118.49395226387664,0.5464899959655345,3.1455194210905773,80,NORMAL
0.4831581517310814,15,1019.5553458632646,21.778877074748447,9.26685804584779,2110.18968056392,67.9703563908843,0.9798930741986568,0.7452540350008823,80,NORMAL
0.5968250033425802,12,633.8272459031316,14.859761003548936,5.246635231181109,1061.9984792080033,52.8189371585943,1.1635141914868405,3.9121456319737065,80,NORMAL
1.5354297500820766,38,3638.8381428405987,16.303499292258497,8.44527218228712,2369.9150955268933,95.75889849580523,2.3729471536431856,0.4893625400128208,80,SIM_ATTACK
0.40278997886121815,42,1092.7165907411256,76.80731114488353,27.465392259366652,2712.8693564584005,26.017061684312516,0.6530402289646396,2.4656775279147145,80,SIM_ATTACK
0.5445667966133122,39,5569.574953419977,44.631748541828344,26.98481023946887,10227.533129190833,142.80961419025581,1.2598071718917,0.618492916959103,3389,SIM_ATTACK
0.7292332365080748,39,1535.7148809364069,32.34757100332132,21.13326070801299,2105.9310026654302,39.37730463939505,0.620596484100579,0.34605950229564525,443,SIM_ATTACK
2.2963803953198854,32,18915.954098026712,7.86237899101183,6.072594528713942,8237.29123301095,591.1235655633348,1.281726866688537,1.9473140263281958,80,SIM_ATTACK
1.140946980443269,11,734.483116159734,6.524228214538107,3.1168858674908346,643.748683110919,66.77119237815764,1.4191674530637457,1.0649118336201786,443,NORMAL
0.5303524162747124,28,1011.7846948825828,31.008955877851903,21.786127430482708,1907.7591877294242,36.13516767437796,0.5354241719552235,0.9354556163046952,3389,SIM_ATTACK
2.0219459489505813,28,5714.460525106326,7.068189381335181,6.7798563661450615,2826.2182419229416,204.08787589665448,1.6515882753218993,1.665705139522948,3389,SIM_ATTACK
1.1284329043582435,9,764.2704447324232,4.389419639138182,3.5862428616982625,677.2847918388867,84.91893830360259,1.3142701614415686,1.148993050648234,80,NORMAL
1.7907844566199245,16,1299.8012137781154,4.02828060439557,4.906351333498134,725.8278398459346,81.23757586113221,0.8632839072681043,0.8580928049190663,443,NORMAL
0.8388551360929296,36,2013.7521836012418,24.503403194775277,18.41223080572021,2400.595879975819,55.93756065559005,1.1669994010977285,0.6093860172565109,22,SIM_ATTACK
1.5981729307419437,30,2459.4674976234896,13.422094768497525,5.349340676897393,1538.9245120562107,81.98224992078299,0.4857581624750445,1.2643268196366346,443,SIM_ATTACK
0.6903587045554374,47,2828.9561967599616,31.79256557566211,36.287983984824805,4097.806224637514,60.19055737787152,3.152220197377026,1.274522382950778,3389,SIM_ATTACK
0.5656468958380553,37,1060.5746805918106,33.73567635181061,31.67615613987357,1874.9765770754855,28.664180556535424,1.201763136419583,1.0140110855571625,22,SIM_ATTACK
2.4164366087564897,33,7987.64623056125,7.58797126005224,6.0685012004365815,3305.547599145062,242.04988577458334,2.8467038520217596,0.3538834893913024,22,SIM_ATTACK
0.9360238441913706,22,1270.992050979046,13.693079712554027,9.810595045866002,1357.8628993976686,57.772365953593,0.6270287251140932,0.6529543829681188,22,NORMAL
0.7326378807876444,6,885.3302140200838,6.14100460310458,2.048580125369355,1208.4144667325731,147.55503567001395,1.2481546720935361,1.0258258976370904,443,NORMAL
0.41634449884634306,42,1086.9726355510911,47.73652770742141,53.141471440828674,2610.752966745098,25.88030084645455,1.0253658047227654,1.425218818107345,3389,SIM_ATTACK
1.6267155954779882,41,5144.74639338195,13.73582032542249,11.468339586717965,3162.658800151379,125.48161935077927,0.8404091000085179,0.9523627516215627,22,SIM_ATTACK
0.7572241400892,16,667.6364846771615,14.096538012663038,7.033269072086297,881.6893827480392,41.7272802923226,1.6048843343774422,1.294218332306598,443,NORMAL
1.3086776762350751,13,1706.10368291819,7.346406555210063,2.587284708936508,1303.6851731332858,131.23874483986077,1.0688478679648976,0.890893243534927,80,NORMAL
0.5636554748523838,35,1485.849427595501,45.129059003517305,16.96560974633593,2636.0950862486193,42.45284078844289,1.2556696393348141,0.6899292681389612,3389,SIM_ATTACK
0.5240701236339491,35,1060.7399808368716,43.317452719582676,23.467502998379018,2024.0420756703431,30.306856595339188,2.231637402076938,1.9791619315955606,22,SIM_ATTACK
0.43933355035133226,42,1382.9289186759381,54.34703778871044,41.252308007696115,3147.7880930559904,32.926879016093764,0.8288519575258657,0.520017663628005,443,SIM_ATTACK
0.881343667842862,37,2802.2235097927933,24.084494240315202,17.896859174930377,3179.490149003274,75.73577053494036,0.9155084590347019,0.8612699945609676,80,SIM_ATTACK
1.2548082720703544,11,507.80968300664864,5.682042329718582,3.084237144874532,404.69105464916544,46.16451663696806,0.7425162685868738,1.8872158663015748,443,NORMAL
0.524593835617368,41,1779.8613771350706,45.28041121363381,32.87529176322097,3392.837003203519,43.41125310085538,1.3790924762906918,0.5860830216928989,443,SIM_ATTACK
0.5733804987345257,13,537.5533713208281,12.151199810271805,10.521353631450637,937.5159645422724,41.350259332371394,1.9818836980267356,0.6199139228649904,80,NORMAL
0.4920975475206941,41,725.3791821940321,60.2422150535745,23.074599278396605,1474.055674222859,17.692175175464197,1.1773683205581822,0.4536898824759629,3389,SIM_ATTACK
0.6494219416119071,12,851.28454272461,9.79052621833045,8.687445083678883,1310.8342791924567,70.94037856038416,0.4640589798454587,0.7269131987847617,80,NORMAL
0.4727258634922672,27,1092.5169154986233,31.05876604504089,26.056788836042244,2311.100364654566,40.463589462911976,1.0608205109748736,0.5797514158388704,22,SIM_ATTACK
0.34176069301514894,10,295.6781545140492,20.359856073602224,8.90038421844546,865.1613850190283,29.56781545140492,2.1831816453022213,0.7423682666720035,80,NORMAL
1.3208384460781808,13,1263.1035989879083,4.952416112756695,4.8898170828316525,956.2892439558386,97.16181530676218,1.022196963982131,1.114640099422674,80,NORMAL
0.7116245942529187,40,1817.3918776661287,30.59281162607532,25.6166003631112,2553.8632199384174,45.43479694165322,0.48290906852534765,0.9335707407771355,80,SIM_ATTACK
1.248046748002854,39,3240.197286312472,20.28707336845352,10.961756102404422,2596.214678254233,83.0819817003198,1.0792508678483523,1.2426111317685622,80,SIM_ATTACK
0.6446316674853833,14,1606.9919791797988,13.220790337595794,8.497038162223358,2492.8840146008442,114.78514136998562,1.5115956297444735,0.8513182816497835,53,NORMAL
0.5489614945803921,41,982.2090659731352,40.579946899085215,34.106530030119146,1789.2130425721446,23.95631868227159,1.8899787309046003,1.903008372652247,443,SIM_ATTACK
0.6250881561241564,39,2085.244192445135,33.09150675543583,29.299692978404167,3335.920177042931,53.46779980628551,0.9749564305983938,1.2917670734231304,443,SIM_ATTACK
0.6486152599618382,17,658.4785969909881,19.410763500946004,6.798918955492361,1015.2067606761675,38.734035117116946,0.41600110768792276,1.8167421566258368,53,NORMAL
3.5774990836414964,14,5849.6188944519445,2.205375185511265,1.7079731264468072,1635.1140161572544,417.82992103228173,1.0625079664067334,1.8284202465529733,443,NORMAL
0.8009397536329962,37,3791.2096011161693,32.116535121011836,14.079199117638538,4733.451653410331,102.46512435449107,1.2407228660991652,1.9901686774901592,22,SIM_ATTACK
1.0242196364612022,40,9520.478326773531,25.14108657414973,13.913036756471666,9295.348368508037,238.01195816933827,1.8152858694514478,0.9692545070276211,443,SIM_ATTACK
0.5793888155427057,36,4037.958022952792,45.408622981468454,16.725817715801966,6969.34064764521,112.16550063757755,0.5154209702242248,0.42497846677536555,443,SIM_ATTACK
0.5890359621048628,7,1257.569066696064,6.1507430254728686,5.73308147818932,2134.961441407182,179.65272381372344,1.0758195281227432,0.4440148703544146,80,NORMAL
0.7620464600451347,9,1230.9359956969317,6.7871246763855755,5.023178857426453,1615.3030822084334,136.77066618854798,1.0926879688624067,1.6543325139726852,22,NORMAL
0.5287481089583932,46,1403.0897029404366,46.00070223907752,40.997244837494826,2653.6070373933853,30.501950063922536,1.080225837468738,0.5027178841246448,22,SIM_ATTACK
0.24631618933563887,35,742.2777407551155,101.29390656472034,40.79987985833853,3013.515850327087,21.207935450146156,0.7361650042946954,0.7277783596238702,80,SIM_ATTACK
0.6649251652810885,33,1172.3114600300648,33.42168515663209,16.20795998704311,1763.0727805804815,35.52458969788075,0.6926928724218483,0.5511547374071358,443,SIM_ATTACK
0.5304651502560058,53,1533.3387696397353,72.23941803642971,27.67289472232902,2890.5551456108597,28.9309201818818,0.9316719703361276,0.7044143890014308,443,SIM_ATTACK
1.4567264362798495,37,2598.811113978897,15.953458178463237,9.445957304439407,1784.0076552847313,70.23813821564586,0.9652729567745598,2.033821638157207,22,SIM_ATTACK
0.684777224328916,29,2456.1644181392066,29.764877668616922,12.584661670136786,3586.8079878770154,84.69532476342091,0.7159174565726114,2.344755130670248,22,SIM_ATTACK
0.3354396578842242,38,1305.8875475219265,64.92981900129867,48.35434137402453,3893.0624833055635,34.3654617768928,0.6237509818346557,0.6552704362704023,22,SIM_ATTACK
2.2275213068023745,9,4350.935815330702,1.8939840485768225,2.1463813443448627,1953.2633883428512,483.43731281452244,1.282392950784154,0.8230503964269354,443,NORMAL
1.3174889806783063,57,2557.148670901064,27.87581334327995,15.388305625406737,1940.9260406751346,44.862257384229196,1.0461552891014454,0.76112281802316,3389,SIM_ATTACK
0.13564648108493585,29,211.81517197063093,114.53709538186,99.25392793146487,1561.523529961692,7.303971447263136,0.648548715211693,0.7668362575572728,80,SIM_ATTACK
1.9501224552344827,15,2602.474291658075,4.342777804932926,3.349046859583539,1334.5183963563732,173.49828611053832,0.8258200893083593,0.7503910823825466,22,NORMAL
0.9578631835171534,10,1475.185910453947,5.280517299376551,5.159387033600582,1540.0799778494977,147.5185910453947,0.579339849992579,0.4086221888065704,443,NORMAL
0.7182317642873435,11,1864.937166591036,10.916096374679816,4.399294209464863,2596.567374657255,169.5397424173669,1.1055076302275315,0.9961027450372252,443,NORMAL
1.7838141968936476,9,1302.6901315068974,2.4302603616971856,2.6151081613657503,730.283531645513,144.74334794521081,1.0514007025412728,0.5433006219034672,443,NORMAL
1.2380008722965803,45,3302.470591646117,26.448469978803615,9.900454328916602,2667.5834125381493,73.38823536991372,1.3746962676644257,1.361069772275811,80,SIM_ATTACK
1.0554215094633563,13,822.2131399319338,8.937171705137683,3.3801819620336726,779.0376949490062,63.24716461014876,0.7189932933315194,1.8134090590433034,80,NORMAL
0.8587376382460455,34,1097.8842580736332,18.148428420531612,21.44457238172077,1278.4862444320477,32.290713472753914,0.9688062783140791,1.356486563435646,80,SIM_ATTACK
0.7207004760732925,31,2719.6654723427614,23.255074354351557,19.758633876982287,3773.6418423930413,87.73114426912133,0.9654458623592777,1.9281248001031757,443,SIM_ATTACK
0.549954449764913,10,607.1517871784482,9.401385610025812,8.78193848940581,1104.0037723814855,60.71517871784482,0.9365545753401928,0.9121382045269572,80,NORMAL
0.39261795625999685,32,1007.6544088948933,42.367490968360585,39.13667737082045,2566.5010803214795,31.489200277965416,1.491529804713832,1.2198418278336927,3389,SIM_ATTACK
0.7717150362081456,12,2544.5347817655183,11.423362569238629,4.126418680278688,3297.246603186841,212.04456514712652,2.3380176818121314,1.9834861127728136,443,NORMAL
1.066007329670628,10,1211.0254517098763,4.570017196195367,4.810781342112782,1136.0385787253972,121.10254517098763,1.7717758379355015,1.3868707132419071,443,NORMAL
1.5926815628517137,13,1827.0965913008852,4.624457732524931,3.537876975942064,1147.1826094536116,140.54589163852964,1.3194005065309513,0.5227096787250272,80,NORMAL
0.5722873806379439,39,3373.5930095566773,46.153847355109164,21.993732548759525,5894.928184151193,86.50238486042763,0.8971003437772429,1.4406446863360205,3389,SIM_ATTACK
1.6383711917092614,14,3965.9426310178546,5.722188149635572,2.822883974950699,2420.6618445727863,283.2816165012753,1.624947831244745,1.509942383235264,443,NORMAL
1.0320025976587035,17,1135.1632186029449,12.079407261017645,4.393419492100778,1099.9615903858005,66.77430697664381,1.006637754263329,0.8087762614702579,80,NORMAL
1.1905173338994872,15,1737.1614959150586,6.26214154216982,6.33742301088726,1459.1652271244657,115.81076639433724,0.8782037107613629,1.436624346555023,443,NORMAL
1.7205491312436736,8,1302.1806712651123,2.143565204399123,2.5061131190657333,756.8401550520387,162.77258390813904,0.8348779622233615,1.084974553514503,443,NORMAL
0.7869969054708288,41,6775.389648765661,32.34991648572032,19.746857612103277,8609.169364792122,165.25340606745516,0.7140071578939513,1.8404676175518753,3389,SIM_ATTACK
1.0265805235645158,14,2357.751842879565,7.548163554417269,6.089344345488027,2296.7042416633103,168.41084591996895,0.8389598884863237,1.2305028000331193,80,NORMAL
1.2109956447935522,9,2119.863529099716,5.114372854697416,2.3175283570813425,1750.512925635753,235.54039212219064,1.0912751213555407,1.2496285249480406,80,NORMAL
0.6651115600195767,34,1314.1485839062984,27.868610208841805,23.25063360493171,1975.831819653861,38.651428938420544,0.45517364727648224,0.9626693009516785,3389,SIM_ATTACK
0.6656606896997637,39,1524.2377759327646,30.756790535238732,27.83161734804843,2289.811910960597,39.083019895711914,0.640194380819786,0.6531727120036399,3389,SIM_ATTACK
0.5791035615494886,32,1372.0585882298433,34.91079610985551,20.347023259064684,2369.2801759993854,42.8768308821826,0.9476705604518946,0.49282549327975844,3389,SIM_ATTACK
0.6138655135960577,20,214.72905606841869,22.079610375787134,10.500815722494409,349.7982071195434,10.736452803420935,1.2747464986915136,0.4743060918708421,443,NORMAL
1.613462121561106,43,2483.789247680538,15.918752455963276,10.732012644363547,1539.415902294221,57.762540643733445,1.0964275823925544,0.7438107484291322,80,SIM_ATTACK
0.4265214540131007,41,1056.6535267711838,70.15864519232349,25.967820696402185,2477.374858472485,25.772037238321555,1.2041474885987105,1.1687611101502033,22,SIM_ATTACK
0.7846515906369885,23,2121.8842556681698,14.774649370915963,14.537723501900562,2704.2374997871366,92.2558372029639,2.0817706960857016,0.9798499402180131,22,SIM_ATTACK
0.22701562382947327,28,447.58640658550456,81.71335070855908,41.62617776826808,1971.610583603342,15.985228806625162,1.6504272665914435,0.679642104212096,80,SIM_ATTACK
1.2652034461723194,31,5245.774503048262,16.84783043770513,7.654157834446501,4146.190495227115,169.21853235639554,1.0093566956368427,2.2062699574227715,22,SIM_ATTACK
0.5545255106907426,32,2598.669002961521,28.09705706325716,29.609936362778946,4686.29297094826,81.20840634254753,0.6603516640000902,1.9285706658364399,443,SIM_ATTACK
0.8370376643061279,43,2049.4385469864933,27.404079092368455,23.967563826048305,2448.442446954163,47.66136155782542,0.7825009003491518,0.6744370721688461,443,SIM_ATTACK
0.9670775536858588,6,955.7979655360549,4.324292167320418,1.8799672295934862,988.3364182047101,159.29966092267583,1.7728527496634074,1.3838281688028555,443,NORMAL
1.1983683544890613,9,1137.4224797036675,5.013326943520251,2.496884725776755,949.1426199990245,126.38027552262972,1.9270763553957988,2.1921377341442594,80,NORMAL
1.00604478673202,9,1008.4726819220269,5.517767945342104,3.4281558531749585,1002.4133072622876,112.05252021355855,0.903739494989867,0.9607208599839829,80,NORMAL
0.41890379227845875,36,726.4481189621276,52.68860588988385,33.24998111643679,1734.1645799167995,20.179114415614656,0.8587704083696622,1.7375063886650368,3389,SIM_ATTACK
0.296426068204738,31,651.1089633565862,75.18082712144165,29.3983692621526,2196.5307143866744,21.003514946986652,1.040731869335437,0.7433978620452208,443,SIM_ATTACK
2.029013455974905,30,9288.959073980808,8.15881638760559,6.626694231684775,4578.066767683228,309.6319691326936,0.670448023232218,2.7742057625200895,443,SIM_ATTACK
1.0832825252307632,13,1670.695605971671,7.976332477917094,4.024230345923078,1542.2528906905204,128.51504661320547,1.5331983161534435,1.432506528260351,80,NORMAL
1.6116862968390617,29,4569.993670458701,12.51570757777154,5.47786850268319,2835.5354757446617,157.58598863650693,1.556818191929689,1.1403341988946674,80,SIM_ATTACK
1.6897605131880429,10,3492.5548309356172,3.730329417957092,2.187668974095027,2066.893387363084,349.25548309356174,0.5665423010612036,1.3728749972714769,443,NORMAL
0.7908071311378277,8,714.8238432384633,6.700471608524355,3.4157750526425144,903.9167896854466,89.35298040480791,1.323975489425884,2.7629400307194443,443,NORMAL
0.25054946790348814,24,638.6581218287423,53.43933121698903,42.350135832467316,2549.030046532583,26.610755076197595,1.815017399998482,0.37947056695693876,3389,SIM_ATTACK
0.27513748586887377,31,1041.8659843327514,75.08934969284458,37.58159335260477,3786.7104187660148,33.608580139766175,1.1071336654901751,3.485481864150406,443,SIM_ATTACK
0.6551896676165232,10,939.0775745459746,8.362576989819964,6.90017896354912,1433.2911841576972,93.90775745459746,0.4905000299703911,1.3086720030897987,443,NORMAL
1.923036294535194,32,4172.151707572591,10.856442672874286,5.783908885198899,2169.564723988227,130.37974086164346,1.6151387988372947,0.7815710771213744,22,SIM_ATTACK
0.7904235585408892,12,1202.197560632799,9.92913102695983,5.252602703436354,1520.953604738248,100.18313005273325,1.301506629027419,0.9453220174009376,80,NORMAL
0.9639742368204169,30,2252.9012834084847,17.776237961078348,13.344925711254145,2337.096985952113,75.09670944694949,0.8351975917794395,0.5677302392551459,443,SIM_ATTACK
1.0897847135389203,8,1004.3336574864393,4.337347383714109,3.00355206239864,921.5890487443241,125.54170718580491,1.4164607786580736,1.8084992307260472,80,NORMAL
1.233794400496622,14,592.0935868551327,5.806317191181519,5.540792176768909,479.896477579089,42.29239906108091,1.4547412407955995,1.0286658473000914,443,NORMAL
1.1289052926910004,9,769.9327660410158,3.8381906690849097,4.134134430522401,682.017146190986,85.54808511566843,1.9466373361982847,1.2735892094952708,443,NORMAL
0.48528014939232517,17,977.0595439371841,21.69510102283001,13.336210316172107,2013.3927694357008,57.47409081983436,0.9216861197874762,0.9763339266237694,443,NORMAL
1.121582750410988,22,1756.2135478077068,11.828023209764526,7.78711440887165,1565.8350194527932,79.82788853671394,1.109290186932621,0.5380848073477617,443,NORMAL
0.2480009969136225,45,2585.75889014279,92.2787060761105,89.17217742849601,10426.405225473334,57.461308669839774,2.0400669477422,1.239391642475617,3389,SIM_ATTACK
1.5096480828328798,6,1948.9448758365672,2.3554357127775467,1.6190004940640503,1290.9928466105423,324.8241459727612,1.1851816857050024,0.6035912232898419,53,NORMAL
0.5278364552190137,22,509.85080379163986,27.17124442370542,14.508332237727718,965.9257119330435,23.17503653598363,0.8779191755963086,0.715630197046262,443,NORMAL
0.9609193640313928,12,895.1222403767368,7.894468696032511,4.593571871342262,931.5269042153402,74.59352003139473,0.9480344715713522,1.1888985034549568,80,NORMAL
2.237945089911482,9,2814.1787998091204,1.881276786654287,2.1402696045290543,1257.483399613004,312.6865333121245,1.561457881020312,1.4977754907803946,443,NORMAL
0.6296426322548622,42,1853.6508161828338,31.750377504819152,34.954127318163586,2943.972852576041,44.13454324244842,1.0137940374527465,1.9621961634046887,80,SIM_ATTACK
1.5515045703337271,16,1436.2021681133572,4.818930479732757,5.493639850987195,925.6834917375921,89.76263550708482,0.4959462248020725,0.5850076675771089,80,NORMAL
0.47698594388108945,17,297.5982360417096,26.217661730610132,9.422801511715576,623.9140583897364,17.5057785906888,1.7156628568942904,0.45162087577355553,22,NORMAL
0.7300289476959033,43,4461.3799461631215,31.362459466754405,27.539314409083506,6111.237041002281,103.75302200379352,0.8908936072507428,1.412717519141279,443,SIM_ATTACK
0.7899683451731273,11,1194.6264043275107,7.189368124327918,6.735240459310037,1512.245916721764,108.60240039341006,0.7106727738549609,1.2406241950697763,443,NORMAL
0.9534094805165976,41,1763.5998991527838,31.542343401251255,11.461214710825065,1849.7822134065532,43.01463168665326,0.7596935445271945,0.5615790136725962,80,SIM_ATTACK
0.5010292693795382,12,1045.565949140375,16.979737569252848,6.970958993565713,2086.836065356376,87.13049576169793,2.158588779104445,0.45597901142567626,80,NORMAL
3.1405421143012546,32,10195.756705067866,7.176460133919488,3.0128635036397373,3246.4957749297178,318.6173970333708,0.504808452462516,2.7646320735123306,443,SIM_ATTACK
0.2242711568715503,26,475.2898719512912,62.43743817434302,53.49365328959994,2119.2643698873417,18.280379690434277,0.8746271755650269,0.48501565241513583,80,SIM_ATTACK
0.27737853012391017,11,300.5150099648037,23.46175064729804,16.195248021943215,1083.411213660113,27.3195463604367,0.6172857109137059,2.556839328238685,53,NORMAL
0.8161088745764237,16,1732.6881266970813,9.200856388354623,10.4043709268174,2123.1090368872415,108.29300791856758,0.9448453729671481,1.4457407230701025,443,NORMAL
1.11160494386457,16,1754.4448063119412,9.401561541569855,4.992041229190514,1578.2988515798559,109.65280039449632,1.6034711642743134,0.4776726850623224,443,NORMAL
0.3197010550853934,7,745.8595634678819,12.703773592120475,9.191681204330765,2332.990622344552,106.55136620969742,0.603677022369164,1.0874423856420383,80,NORMAL
0.9466109528831562,17,991.2524389161227,9.281240799013677,8.677562601920958,1047.1592747759773,58.308966995066044,1.4276203043353353,0.3354811714897822,443,NORMAL
0.8488807624947668,10,751.1201626203159,6.9439827500037286,4.83623473379353,884.8358872132485,75.11201626203159,2.232914116065107,1.8096615557582154,443,NORMAL
0.7772611608755673,9,1748.797462152661,8.258676932057101,3.320442742289808,2249.948344495536,194.31082912807344,1.8243465511737922,0.9545630361043769,443,NORMAL
0.4556546386378381,10,251.87639430799584,10.905708040572803,11.040738131674258,552.7791729740106,25.187639430799585,0.25200895524176936,0.4388749704625695,443,NORMAL
0.9652769820217098,10,1972.2934191023335,7.251513040569662,3.108207729996783,2043.2409099525955,197.22934191023336,0.9410106102947549,1.960636155491046,443,NORMAL
0.5009264363344477,40,1626.861155696117,50.82888018104134,29.0231641484651,3247.7047280649604,40.671528892402925,1.6608406231347927,1.3452621742373998,443,SIM_ATTACK
1.7445261052168213,10,2700.6985234276635,2.814492655369974,2.917723085108804,1548.0986586279846,270.06985234276635,1.2964093308520148,0.6083211338557591,443,NORMAL
1.7738228819461694,32,5806.329689644983,9.30040035895912,8.739732241478894,3273.3424225954873,181.44780280140571,0.8433313581528223,1.1185804498746041,80,SIM_ATTACK
0.5256957441868345,42,1400.8399583134842,53.213794337779646,26.680327812604403,2664.7352081580098,33.353332340797245,1.1543052396932663,1.1924932415806218,22,SIM_ATTACK
1.1643737216816108,14,952.5095256688603,7.055412033870531,4.968218987088043,818.0445057564747,68.03639469063287,1.0349344225780792,0.8202220578858933,53,NORMAL
0.29927566749770645,11,292.3105563269918,23.159507592482715,13.595902868958493,976.7267709100739,26.573686938817435,1.3166748285391396,0.907266419756158,80,NORMAL
0.9320251839945931,12,1540.1839851182372,7.773832528794732,5.101356045583549,1652.5132706362278,128.34866542651977,0.6637111452361897,3.2495343104153434,80,NORMAL
0.6903499125389124,38,1799.1085998400183,39.23533779505015,15.809211801902372,2606.0821724788866,47.344963153684695,0.6118120951899988,0.7878918443760905,22,SIM_ATTACK
0.926574092416234,19,1743.4429341093721,11.884137163551506,8.621508478291945,1881.6012107169793,91.76015442680905,1.430256213338685,1.0341058066219495,80,NORMAL
0.8262408624006368,10,907.8412169011182,7.359919394701241,4.743088886618897,1098.7609766277985,90.78412169011182,0.5461081720312403,1.507830657435704,443,NORMAL
1.4041846043442368,9,1496.2466504352715,4.6418138660089845,1.7675998052105895,1065.562637424036,166.24962782614128,0.7280860450511542,0.2393701993690118,80,NORMAL
1.7384548212972055,10,1236.219203205529,2.59531500319055,3.1569196119938527,711.1022892634526,123.6219203205529,0.7885857593347939,1.0799435294882833,443,NORMAL
2.420477795384482,14,3639.395349453805,4.145722921919078,1.6382590781207798,1503.5855137335411,259.9568106752718,0.8360992669117018,0.7086420804199336,80,NORMAL
1.1361060938683956,18,1496.396434678121,10.528655546542218,5.314935203605705,1317.1273728344784,83.13313525989561,0.6799026936333901,1.3960212644771894,80,NORMAL
0.7613475624379931,43,3392.0706525444784,40.4394468005737,16.039357521469533,4455.351037944304,78.8853640126623,1.2594124426470215,1.6017792986275468,3389,SIM_ATTACK
0.9346021332031386,40,3658.4182348060085,23.903770619983547,18.895190113081547,3914.412459414792,91.46045587015021,0.4785224938790032,1.6759680435737712,22,SIM_ATTACK
0.3674750153481412,32,718.9451143279863,40.66330981123222,46.41744034448545,1956.446246139664,22.46703482274957,0.49299869091002574,1.4477776185708375,22,SIM_ATTACK
1.3147897262680224,25,4257.5046552932345,11.808546203816446,7.205901126070662,3238.1639209928953,170.30018621172937,1.5647657579717336,4.358288126290709,3389,SIM_ATTACK
0.3868992195468869,32,1064.6100275020822,54.53676935720516,28.17210774385613,2751.64687266335,33.26906335944007,0.9295264566077304,0.6918338152950252,443,SIM_ATTACK
1.9776931998111031,15,669.4409798378238,5.323901760070007,2.260692251494934,338.49586978494165,44.62939865585492,0.7632481333635774,1.5073530777386446,443,NORMAL
0.721584652899292,38,1456.7816436957803,35.406177220298744,17.255696680868432,2018.8645058379534,38.336359044625794,0.8853520909528311,0.8644231875839274,22,SIM_ATTACK
1.1536295120642333,9,1011.699585539232,3.967382376742294,3.8340823967238054,876.9709642127301,112.41106505991466,2.183131578462575,0.884095500393522,443,NORMAL
0.4821093348650212,36,901.5086628662668,53.104302907974414,21.5675555203199,1869.9257568175217,25.041907301840745,0.7846953704065,1.3191571976037284,443,SIM_ATTACK
0.4152857449166169,39,1680.5352320426737,52.92919321957017,40.98204856367622,4046.696166708298,43.09064697545317,0.6255653400449166,0.8134656530792098,3389,SIM_ATTACK
0.42242992509560534,14,416.54194311436714,15.149276071954787,17.992315392786935,986.0616361875745,29.75299593674051,0.752332957355221,1.1779827520131148,443,NORMAL
0.3003631197209885,38,670.6558066095839,87.32416015155184,39.18937465025316,2232.8167560403735,17.648837016041682,0.9141656332082554,1.2982214038714381,80,SIM_ATTACK
1.3211186688483598,38,2731.8719139589175,20.558066117032382,8.20543628137457,2067.847482876261,71.89136615681362,1.1738007893241482,0.5256624064674981,443,SIM_ATTACK
1.137820296629418,13,1065.1369813267208,5.811483474037291,5.613870809508268,936.1205670895413,81.9336139482093,1.2631161728574405,1.2285996502248357,80,NORMAL
0.7441209333032709,19,497.06383778521314,18.478617630414927,7.054866444083537,667.9879782156751,26.161254620274377,0.5225105610139517,1.616998155223864,53,NORMAL
0.24066034791908397,35,539.5248044776058,89.52471433771431,55.90846691808555,2241.8516766169037,15.41499441364588,0.5769836238080962,0.6057363668316753,3389,SIM_ATTACK
0.7221083822801482,36,4464.094586159213,26.749687204365085,23.104324857266807,6182.028481740194,124.00262739331146,1.0109597277136757,1.8803989429207066,3389,SIM_ATTACK
0.22750489643872995,41,704.6812976056559,109.29335961702047,70.92254185058523,3097.4335437894006,17.18734872208917,0.7985708400251186,0.7375067850172072,80,SIM_ATTACK
0.26952665860900754,42,430.69690536709635,78.83466291505279,76.99407854138273,1597.975159822289,10.254688223026104,1.6838131492780686,0.24645074681857398,443,SIM_ATTACK
0.2919444624549644,37,713.7385755006253,58.21159229506775,68.52484137065952,2444.7751791515043,19.29023177028717,2.2455824415922834,2.34129822843992,443,SIM_ATTACK
0.7491849148108689,17,955.9553665998893,16.531957929202466,6.159369223709621,1275.993880417653,56.2326686235229,1.1713526448143385,0.6457725568562434,443,NORMAL
0.6000457652245585,52,1831.0787842685083,58.82365780705291,27.8363988313599,3051.5652145020194,35.21305354362516,1.1816433571440057,0.8077137207009744,22,SIM_ATTACK
0.4802143930099507,10,460.0516018369872,10.928467084622747,9.895565150897495,958.0129386656145,46.00516018369872,0.7522773426146938,0.9792845079513237,80,NORMAL
0.571954665487895,34,1457.7127037156804,30.70032623244128,28.744944610829055,2548.6507789427797,42.87390305046119,1.901787086650141,1.0094382622216518,3389,SIM_ATTACK
0.1927762673328679,36,657.0451887071724,113.4458392466697,73.29913978043528,3408.330277360588,18.251255241865902,0.5039094450313094,1.5699966908689351,22,SIM_ATTACK
0.2833156284551183,43,850.4921168392284,109.35582999048859,42.418359927918544,3001.9244666340737,19.778886438121592,1.2614108817741398,0.7055450410067,3389,SIM_ATTACK
2.391611156981807,11,2330.9247654223827,2.8550930147253473,1.744316871738767,974.625310062523,211.9022514020348,1.1970184126304597,1.9259498788473042,443,NORMAL
0.738968224887396,14,909.5101460054854,10.331876100419388,8.613458121675643,1230.7838353185978,64.96501042896324,1.3225520283750207,1.2021476900115895,80,NORMAL
0.45109350958794703,49,817.0755902066129,50.62501363575249,57.99991436367545,1811.321982781294,16.675012045032915,1.8528988054837126,1.954077750978753,3389,SIM_ATTACK
1.5531330986132594,36,5344.539031683914,12.290139499371383,10.888814082999113,3441.1339481824666,148.4594175467754,1.2377791309022743,0.5196038165370607,3389,SIM_ATTACK
1.3382029355152378,14,1044.49270691482,7.410831775420644,3.0509596528052176,780.5189177175637,74.60662192248715,0.8989997828994092,3.1210020914054164,443,NORMAL
0.5943588784527862,10,564.8813365076387,7.853542348142352,8.971309374493039,950.4044727625127,56.48813365076387,1.5342234033370028,0.9878244262516116,443,NORMAL
0.42913602977829624,11,515.9320829657194,17.475519627130584,8.157378187771862,1202.2576692809141,46.902916633247216,0.819942563142353,1.2585996938607211,22,NORMAL
1.005729378245597,15,1986.7890234531703,9.553275082455745,5.36127382548819,1975.4708040038986,132.45260156354468,0.5370123987763711,0.8082939973636813,80,NORMAL
0.9232786872435556,14,1151.109541475211,9.784392313364812,5.378959980401373,1246.7628218645916,82.22211010537221,1.457953889152485,1.2858059276440161,443,NORMAL
1.2484544604869519,18,2842.7312728050733,10.14193646259087,4.275890194041214,2277.0003734828133,157.9295151558374,0.37625462789745523,1.122261002780491,53,NORMAL
1.115933473565604,21,690.4588783638753,10.10214489344308,8.716181196284564,618.7276345047144,32.878994207803586,2.068748061141788,0.8470019619937322,80,NORMAL
0.9959780498301539,41,1777.6312184970482,23.659069600204088,17.506496254376554,1784.8096339072845,43.356858987732885,1.0236044778437212,1.5401969517701273,22,SIM_ATTACK
1.0161833921839747,10,532.8971171379942,6.925764639031288,2.9149787513011054,524.4103783202904,53.28971171379942,1.5054286554021516,1.7142248746809312,80,NORMAL
1.1463718148348356,12,745.2702555352836,6.5594167707542335,3.9083911818766586,650.1121589792915,62.105854627940296,0.5749483779368255,1.8605152297485135,443,NORMAL
0.47525075634427155,37,1631.4100329767753,37.8109720738007,40.04266520310078,3432.7352691154524,44.09216305342636,1.5488235254576075,1.3349615148031058,443,SIM_ATTACK
1.269679705962755,13,1014.2378236349957,5.240507667753415,4.998295031028435,798.8139204492787,78.0182941257689,1.7349496901868666,1.1194411393158388,443,NORMAL
1.9246751146390182,39,10022.145526479855,11.923804689373226,8.339355416645306,5207.188189971249,256.9780904225604,0.8919043369135001,0.7501192696142237,3389,SIM_ATTACK
4.373022223446017,28,11684.984763406452,4.59486067871795,1.8080338343438926,2672.061600958086,417.3208844073733,1.8002963647710564,0.7844206879371552,22,SIM_ATTACK
1.0614256216052143,16,1296.9913822481763,9.087394451694225,5.986671666855743,1221.9333656999079,81.06196139051102,0.9519274935552136,1.476739299275935,80,NORMAL
0.6670890604522087,32,2053.119875178121,28.19684356976289,19.77276333446025,3077.7297918606923,64.15999609931629,1.3220823901508185,0.8064382137041447,3389,SIM_ATTACK
1.15950941185055,13,1019.8743762312441,5.1889386452338355,6.022699541688945,879.5740386475591,78.45187509471108,1.0621572847720506,1.2929478065976636,443,NORMAL
0.8799272585453335,10,419.19028076932074,7.158931498814019,4.205644269109874,476.39197069802356,41.91902807693207,0.9097222113754281,0.6920821332975222,22,NORMAL
0.6592289378092467,16,717.2299703553041,16.171344695206553,8.099434517203765,1087.983140938574,44.826873147206506,0.5770063691585617,0.6254676325403589,80,NORMAL
1.1698550463354065,31,2789.0994548243207,16.92572030517003,9.573289206399885,2384.141063938843,89.97095015562324,0.7422185448261792,0.6825325760415574,22,SIM_ATTACK
1.5242714231534642,33,8170.367366899193,9.801028843251222,11.848658672196967,5360.178799387357,247.58688990603616,1.6685381406978148,0.5880698920888281,80,SIM_ATTACK
0.3672321219320741,12,335.2109404819996,16.92200891126225,15.754871141783891,912.8039745499242,27.934245040166633,0.518373067492422,3.068919449665456,443,NORMAL
1.670158315176932,20,2716.130159536951,5.4625110232154075,6.512401665155249,1626.2710755352625,135.80650797684754,0.3160159933413885,1.4671258229267492,443,NORMAL
0.38253265061758035,28,1575.4248763034916,51.950166023806325,21.246200233545473,4118.406294887625,56.26517415369613,0.9346616686665591,0.6492302687302378,3389,SIM_ATTACK
0.9023807062666631,12,1274.073772485315,8.479426329092385,4.818730332131565,1411.9027187055267,106.17281437377625,0.8933083055394179,0.3954102556271188,80,NORMAL
2.078510321647169,11,1633.031013803984,2.858209890326039,2.4340419139771345,785.6737572079251,148.45736489127128,0.6476171953801086,0.925821043441301,80,NORMAL
0.7871059486337307,40,2583.7947962968606,36.48887484463381,14.330204936725416,3282.651847291774,64.59486990742151,0.36912744510683065,0.7967242215372037,3389,SIM_ATTACK
2.506013736099974,13,2551.6956195953794,3.1326221558079395,2.05489929019637,1018.2289038712528,196.2842784304138,0.7759429202338443,0.6356508646990718,22,NORMAL
1.1234889868613451,10,1730.7364823755347,5.042128718024069,3.858715097042314,1540.5015114662026,173.07364823755347,0.8034100338194974,1.3299303592466456,22,NORMAL
0.4043115569940694,40,5275.54682346836,60.49873215907665,38.43487314616753,13048.221680058836,131.888670586709,1.8175750026558524,0.9376759550987808,22,SIM_ATTACK
1.8698580226781059,16,4047.5780106170832,6.349141497680847,2.207657898823058,2164.6445674094207,252.9736256635677,0.7898047625142786,2.0214769520404867,80,NORMAL
1.1347840942240282,10,597.8820556884792,5.496886758678708,3.3153622417252473,526.8685547600263,59.78820556884792,0.9318752680539236,2.016802713171418,80,NORMAL
0.6153344356146055,42,2111.1606800188065,31.41218712839547,36.843378575561516,3430.9158692055753,50.26573047663825,1.6589221957685423,1.190448849923255,3389,SIM_ATTACK
0.8461473852123871,9,536.9435209496263,4.981460038801929,5.654984813817874,634.5744610613563,59.66039121662514,0.9557786058719223,0.9316651302205277,443,NORMAL
1.8028592550124716,33,10961.608252269989,12.835491547928596,5.468765929880851,6080.124236982748,332.1699470384845,0.7540460492955158,1.7643881688643328,3389,SIM_ATTACK
1.2302343954530124,12,1907.0657676955364,6.352757993601647,3.401480746879357,1550.1645659917456,158.92214730796135,0.295865035958467,0.7105128651376744,443,NORMAL
0.6381202093027452,52,1785.8675427992923,50.15599844783198,31.333349862917878,2798.6381198468175,34.34360659229408,1.2027374121161156,0.814787443705777,22,SIM_ATTACK
0.9769044675793812,43,3433.514410244506,27.173319119396023,16.84326738117284,3514.688000918069,79.84917233126758,0.5755684844802325,0.4831165844644559,3389,SIM_ATTACK
0.1758645009064025,38,369.54463770684663,148.6989222315174,67.37652110212116,2101.303195370414,9.724858887022279,1.283418008192675,1.0191870709256192,3389,SIM_ATTACK
0.6321893934928681,41,2398.0298043875,35.52155240646123,29.33243031139741,3793.2142314794355,58.48853181432927,0.8039909949922773,1.423667206289631,22,SIM_ATTACK
1.52413474688425,38,2324.0726235844954,16.739440593734773,8.19273819011779,1524.8472146806823,61.15980588380251,1.4526148498439415,0.9083166050537369,22,SIM_ATTACK
0.6734235069979748,27,1446.0511281637455,29.985272018320554,10.108368490847472,2147.3131144620024,53.55744919124983,1.7749473370020579,0.8473849280903174,443,SIM_ATTACK
0.4371589875671319,43,1120.0072870643162,53.144167335198,45.21821619785643,2562.0136355822337,26.04668109451898,1.2136397663691538,0.8980850506041004,22,SIM_ATTACK
1.4202484541860905,9,1146.8802452322648,3.2464334435224758,3.090485969044447,807.5208544335391,127.43113835914053,0.7371260535982089,1.0440266886495049,80,NORMAL
0.828091274817577,33,2136.145082931116,26.346616112617454,13.504063400060275,2579.60100280213,64.73166917973079,0.9682322775677713,0.8075371344674817,80,SIM_ATTACK
0.8153039311299988,15,2664.5918630584993,12.41499465394384,5.983052291825487,3268.219079191015,177.63945753723328,0.45493671428855337,1.4339678265913256,80,NORMAL
1.3955468341992212,5,2241.3403010178313,1.9132045340966777,1.6696204041068834,1606.0659850974725,448.2680602035663,0.6998605351709974,0.9484602260233452,443,NORMAL
1.5522399044604602,14,1073.9057279855574,6.287322487470409,2.731901899024301,691.8426236174066,76.70755199896838,1.6798546887232835,0.43868223712529936,22,NORMAL
0.31538685119796944,40,1513.2188247167205,90.79366469683495,36.03470448870176,4797.976893991905,37.83047061791801,0.5783414348234215,1.480330331619644,3389,SIM_ATTACK
1.479053291143201,37,2717.04138974376,15.008663793172412,10.007338146420773,1837.0138561022936,73.43355107415569,1.1828403389669504,1.3575149863887601,80,SIM_ATTACK
1.5899765072032097,17,1451.047968966407,6.528883986883689,4.163097890196515,912.6222698213448,85.35576288037689,1.3525011638354754,0.4722321258082293,80,NORMAL
0.9038954095402031,15,872.5796585763096,12.022176962586416,4.572663371463134,965.3546741875552,58.17197723842064,0.8484924527134758,3.4242132909015273,80,NORMAL
0.37251986953941024,30,1455.096151075726,45.452602010393825,35.08001504730165,3906.0900372236015,48.50320503585753,0.6324415518761364,0.9506229146856995,3389,SIM_ATTACK
1.0792660815899713,12,2502.8521466339294,6.802057558174498,4.3166092883937175,2319.0315987200634,208.57101221949412,0.6165522756312473,1.4817294068844509,80,NORMAL
2.441430653879845,7,6119.202321939844,1.4842851764509781,1.382886163794062,2506.400217518118,874.1717602771206,2.6455362916750085,0.5792032622183058,22,NORMAL
0.8139802622626972,12,1138.4865996085766,8.984735789866486,5.757636422750165,1398.6661008754916,94.87388330071472,1.5493651197365794,1.2765200271334314,80,NORMAL
1.8223978412206459,18,913.8680275092312,6.161570160936898,3.7155267017018128,501.46461263206965,50.77044597273507,1.2218250940474817,1.3955141018938972,80,NORMAL
0.4861930227496468,14,770.455558405342,15.033525419115747,13.761622484948184,1584.6701255564278,55.032539886095854,0.8226494272224933,0.6493644115281445,80,NORMAL
0.6292114119638221,12,621.5743095050886,10.928253552179502,8.143237796883895,987.8624222105295,51.797859125424054,0.8077630100194038,0.4312090221751196,443,NORMAL
0.6073712206750899,29,2725.237264012864,27.39110086159482,20.355646124155765,4486.938417964186,93.97369875906428,0.931043366517082,1.2350817873030158,22,SIM_ATTACK
1.4556237375503207,12,1844.3924345767578,5.258205211323411,2.9856834327261037,1267.0804872148476,153.69936954806315,1.329153007911206,1.728522380299063,443,NORMAL
0.5485347240834267,35,2643.422420755502,42.36243260980563,21.44391995699531,4819.061227477485,75.52635487872863,1.2631808974964958,1.4150347042199318,80,SIM_ATTACK
0.9544220310242102,15,1928.568971571619,7.311230886282748,8.405086960973133,2020.6668631716634,128.57126477144126,1.0362360021997565,0.9930087257004083,80,NORMAL
0.94661413820403,9,1416.4189050131633,5.776119041688331,3.7314507660849934,1496.3001796069448,157.37987833479593,1.1644192917444565,2.018778764319475,443,NORMAL
0.8679129015499142,39,1751.1763166625597,20.79261261063984,24.142771954279073,2017.6866982105214,44.90195683750153,0.45684473339364684,1.3714341195931032,3389,SIM_ATTACK
1.5151522498067256,16,629.1084010709794,5.958956272467584,4.601038607281944,415.2113433823097,39.319275066936214,1.0957578157012444,2.3659361092655304,53,NORMAL
0.6482345889480585,16,269.8679462934425,13.007267005279502,11.67515548927523,416.3121667595346,16.866746643340157,0.6058509536558527,1.156109906187287,443,NORMAL
0.6762393706783257,13,455.5811073053977,13.710959358510795,5.513002693506216,673.6979937272966,35.04470056195367,0.8460796647293066,0.5460713770616227,443,NORMAL
1.6509962814805152,12,3634.785628535895,5.192621831946009,2.0757167673627155,2201.571057008339,302.8988023779912,1.5740038850964895,0.7865755810771278,443,NORMAL
0.9334989903531877,29,5797.449156140073,22.158489801534675,8.907424891129214,6210.450376541508,199.91203986689905,0.7781481986150237,0.6855270107142881,22,SIM_ATTACK
0.1457535866722226,31,929.0066428645285,159.49753079321806,53.19020271494068,6373.816686609034,29.967956221436406,0.9688967902509666,0.4506364727490391,22,SIM_ATTACK
0.7790751255850383,12,882.095055320211,7.393869158941843,8.009009980587512,1132.233627222806,73.50792127668426,1.2981890161852074,0.8539324006214439,80,NORMAL
0.25068840095859907,33,1025.103188698596,82.94999905578736,48.687523357744325,4089.152847833159,31.063732990866548,0.7219237155216381,0.8704210393500246,22,SIM_ATTACK
0.8595812905613799,12,1181.138245639222,6.43316206937399,7.5271231668984,1374.0855677161587,98.42818713660184,1.5473230380448855,0.5246274588822889,443,NORMAL
1.017947391489939,11,1284.2400798462857,8.079852210310703,2.726207210795165,1261.5976921622462,116.74909816784415,1.7436234123056722,0.7535846228116257,53,NORMAL
0.8562079602768001,12,953.4986259480036,8.819435569040824,5.195851086458813,1113.6297140238578,79.4582188290003,1.100090168047569,0.8989497442510447,80,NORMAL
1.3967708113066541,13,1085.4533656764197,5.2932739564596325,4.013907933917023,777.1163006055357,83.49641274433998,1.6391318033909883,1.1643769180869628,80,NORMAL
1.6144292353481986,33,5406.3224743064975,9.860261632286123,10.580398929019056,3348.751593401656,163.82795376686357,1.1868597288720653,1.1090094549473088,80,SIM_ATTACK
0.7237904237735754,23,1972.2240544318151,15.499851224107713,16.27730310751015,2724.8551371395174,85.74887193181804,0.9679123974911964,0.8633861378424184,443,SIM_ATTACK
1.501253827388859,16,1176.7515586004035,7.892777940784594,2.7649800666197297,783.8458341499355,73.54697241252522,0.5303510016355025,1.5149736357485146,443,NORMAL
0.6393114702518731,16,382.94140206688814,11.577685405765449,13.449239253816197,598.9903511601608,23.93383762918051,1.1188736772083046,1.8525302805008597,53,NORMAL
0.7597236367310285,33,3150.286586998857,21.463998514226805,21.9728493137463,4146.621790726487,95.46322990905627,1.3141815941018797,1.455630279555077,22,SIM_ATTACK
0.9769755672644929,10,659.6602987863837,5.311488591642058,4.924181915451329,675.2065464988199,65.96602987863837,0.9525102820869387,0.6654518627714444,80,NORMAL
0.4765928584865999,14,315.17246854600165,18.090955697965516,11.28422219382329,661.3033807237865,22.51231918185726,1.0533728830487459,1.6388495221515484,443,NORMAL
0.5161541560014776,14,730.6079618449043,19.36000801781468,7.7636716759702935,1415.4840242007326,52.18628298892173,1.643589421741019,0.8691334406353634,80,NORMAL
0.7375733931256621,42,993.7755935536543,32.14660030185906,24.796885446744085,1347.3582464007652,23.66132365603939,0.44630629502561175,1.3530990838389858,22,SIM_ATTACK
0.48008658402561216,28,710.7989507916991,39.18226302757484,19.140549839252174,1480.5640783200445,25.385676813989253,1.0879703633264313,0.6113413688971984,80,SIM_ATTACK
1.0673055134711513,20,4211.270819309654,13.724340104497076,5.014436888188806,3945.7032369424583,210.5635409654827,1.2797176489449935,0.8012459891934407,80,NORMAL
1.9675575373789007,12,1589.7598825656557,3.8429154667774466,2.2560167230206254,807.9864768191067,132.47999021380465,0.40236792852201275,1.3374157362315677,53,NORMAL
2.7239267184973937,44,8700.918697493891,8.320204458563545,7.832946689449653,3194.255791981658,197.74815221577026,0.486545358766696,2.4125138545560314,3389,SIM_ATTACK
0.564977646084161,13,485.56382975012156,13.531150505821513,9.47860942026143,859.439011641516,37.351063826932425,1.2358911808137865,1.146388694538406,443,NORMAL
0.6672942151058109,33,1896.3167032015047,31.567644495692548,17.885803852825333,2841.8000040668885,57.46414252125771,1.1111587182342573,2.031696895873747,80,SIM_ATTACK
0.7700041703694603,14,933.1819156132372,10.952481644928408,7.229238063527944,1211.918001905732,66.65585111523123,0.7881898619259725,1.3915883630312351,443,NORMAL
0.36626249777563147,30,681.3086328842788,54.5336549916255,27.374812793623107,1860.1648736137909,22.710287762809294,1.0994483687455197,1.2877230615574087,22,SIM_ATTACK
1.3166724931791574,39,6792.835121035778,21.898113344734515,7.722008744877133,5159.092451786709,174.1752595137379,1.4557025830478147,1.1937525786620191,443,SIM_ATTACK
0.9531319285084592,40,2752.999735969201,30.2244017559935,11.742506290613807,2888.3721692938416,68.82499339923002,1.5838932682265976,1.582393833494036,3389,SIM_ATTACK
0.8472630328779077,11,464.1175406166868,6.5843957337654,6.398585434002746,547.7844808597557,42.19250369242607,1.631010219357837,2.400599084311404,80,NORMAL
2.7663718255176115,13,1954.2775165335358,3.2307962667018684,1.4684997137173905,706.4406521592136,150.3290397333489,0.35864937051933427,0.6201856720399904,80,NORMAL
0.9424059399940727,16,932.9406185461734,8.293482477504005,8.684339203140995,989.9562162692238,58.308788659135836,0.7023043536632537,0.7550268526274021,443,NORMAL
0.31504124307940834,19,220.80950867363867,30.61122174623986,29.6983422152346,700.8907992976085,11.621553088086246,1.3610711957359078,0.9146784177100085,80,NORMAL
0.8813868314736008,13,710.0831455717035,6.802467795063486,7.947015105951896,805.6430164545429,54.62178042859258,1.7465143458526136,1.9856410409590621,22,NORMAL
0.7872016946060402,31,3189.021864095957,27.940698013200393,11.439298514264063,4051.086126906678,102.87167303535345,0.4761065650494631,2.151065620215616,3389,SIM_ATTACK
0.3715823466045389,39,3383.666327684599,61.54693512094651,43.40961180970256,9106.100864597067,86.76067506883587,0.7007450059563748,0.7276551731204953,22,SIM_ATTACK
0.9919916378189044,41,2729.6432102903495,28.134923178210705,13.19607038756859,2751.679657594721,66.57666366561828,2.410188153005013,0.4519993491116834,80,SIM_ATTACK
0.43763788169151135,31,901.1922321723816,39.62874807490419,31.206070611682314,2059.2189796029297,29.070717166851022,0.605291995300967,0.8978021829171622,80,SIM_ATTACK
0.46648952972909996,34,1792.6443324913794,43.515561237908855,29.369247172999096,3842.839374192181,52.724833308569984,0.7254848961086086,1.8842820850069284,80,SIM_ATTACK
0.7861398611935023,19,888.088965129472,16.577742661741677,7.590984733857585,1129.6831632238982,46.741524480498526,0.9153188846455065,0.5097416034648296,80,NORMAL
0.46733828359619556,33,5827.735811873749,49.54878028879861,21.063881156489074,12470.058662921812,176.59805490526514,0.8152525207083544,1.983281358185387,3389,SIM_ATTACK
1.205860265918876,17,1767.0380001885796,9.232882632892476,4.864936559322015,1465.3754254371102,103.94341177579881,0.43732324450709575,0.851636280787719,443,NORMAL
1.8529569366517769,46,7752.477327511688,11.176473670950642,13.64871200396324,4183.841067305169,168.53211581547149,1.160341357853107,0.6859357996879081,22,SIM_ATTACK
0.9600269856698643,11,1067.6516532880069,6.096601031326428,5.361410216476869,1112.1058774645244,97.05924120800063,0.7568337770256556,2.6298586050930792,22,NORMAL
0.3443753301556747,20,463.5253874782714,31.933763950881055,26.142405416300416,1345.9889454588254,23.17626937391357,0.7235930253398242,0.7420673066130378,443,NORMAL
0.4087111581577377,40,1738.6123482383134,66.87018534017501,30.998441932688507,4253.890097043337,43.46530870595784,0.7756518732570464,0.3687666237841961,80,SIM_ATTACK
1.313288363755288,36,2833.0216120850814,15.131265933184816,12.28084019182466,2157.1969190256023,78.69504478014115,2.9514579254784743,0.8682278075671593,80,SIM_ATTACK
0.7069798725617001,12,900.6899287513231,8.452488624709515,8.521120477511039,1273.9965644109866,75.05749406261026,1.3679987379253873,1.1068074550058868,443,NORMAL
0.6579021203996259,19,645.9528670760884,16.311144224952834,12.568531658230114,981.8373387879047,33.99751931979413,1.1757679985023937,1.1166275494497346,443,NORMAL
0.9094075635840949,13,1279.5739163095338,10.063149679373533,4.231871079817527,1407.0412074280146,98.42876279304106,1.063703522724891,1.0196442968431645,443,NORMAL
0.6207781530647392,38,2245.3412591327533,29.489968450817322,31.723525955190055,3616.978542250009,59.08792787191456,0.8636151837302775,0.3844381756887877,80,SIM_ATTACK
1.0196471167341745,18,414.9860540386142,13.19277629598477,4.460389887284753,406.989876426829,23.05478077992301,0.601937629935126,0.9240886728434707,443,NORMAL
1.1209808901748806,41,4802.935981160617,22.137994678433675,14.437115887103015,4284.58328171083,117.14478002830774,1.3601947424134848,1.017598025372597,3389,SIM_ATTACK
0.5265982657982943,17,835.9379730105346,15.38786407705916,16.894809649997132,1587.4301669856397,49.17282194179615,0.777954372383313,1.4504401533663605,443,NORMAL
0.8883183195568425,10,981.8774198222825,7.318642580635172,3.938583325714169,1105.3215927282847,98.18774198222825,0.7842173230056622,1.4287721139482161,80,NORMAL
0.7514695349508683,11,657.9827426207938,7.077243596263461,7.560741695740678,875.594700806884,59.81661296552671,1.6324986133429489,1.525156556529344,443,NORMAL
0.2894800523262392,32,564.314614782096,66.55844043205788,43.984582283498824,1949.4076025180584,17.6348317119405,1.194296012840319,0.9117381649841624,22,SIM_ATTACK
0.3675142634714672,29,402.87106936289945,51.459151702962394,27.44935031290965,1096.2052616882372,13.892105840099982,0.7687084502526174,2.4006088087953485,22,SIM_ATTACK
1.2717238336723877,17,1292.5782758199362,8.91862590399684,4.44905625299214,1016.3985620111613,76.03401622470213,0.324662588285015,0.9562251678258946,80,NORMAL
1.312032070435436,11,1049.3983372335838,6.002232385007599,2.3817090199836146,799.8267427146886,95.3998488394167,0.8163186047287898,0.8231485376009838,22,NORMAL
0.5441341306854984,39,1103.1270547622235,48.35331487148687,23.320189510360905,2027.3072254675653,28.28530909646727,0.6918610300697999,1.0315348863198945,3389,SIM_ATTACK
1.10828545384571,33,5405.527882308393,19.928617752661204,9.847104635006346,4877.3787146185205,163.80387522146646,2.1787200684321983,1.6593700836577188,443,SIM_ATTACK
0.5024078325021712,8,720.7429680314016,11.204538398360695,4.718780233351573,1434.577491441252,90.0928710039252,0.6112610176416724,0.9644050263503965,80,NORMAL
0.5683903381633622,45,1967.4975540898697,43.54512732711146,35.62581731879571,3461.52533212904,43.722167868663774,0.4504455155927017,0.9957325906628149,443,SIM_ATTACK
0.8459777036053558,34,2787.7818018320186,19.180164834998656,21.010019675893396,3295.337205639292,81.99358240682407,0.7100621202091555,0.7096229174845344,443,SIM_ATTACK
0.6840446520103187,33,2720.1670228851476,28.109790224298152,20.132674508109695,3976.5927778119876,82.42930372379236,1.063346911308305,0.8887131493736942,3389,SIM_ATTACK
0.4935727665251818,40,2168.441960720051,38.10103469890405,42.9407137784387,4393.358199209759,54.211049018001276,0.8223597827779809,0.4540288389802535,22,SIM_ATTACK
1.7132580283047134,47,6441.862990105874,16.086793527326094,11.346318837252749,3760.0074732935377,137.0609146831037,0.8238379693202333,1.5784841279712059,22,SIM_ATTACK
0.948501479781986,47,4659.555330908313,28.93027557968421,20.621571203731452,4912.5440816173705,99.1394751257088,0.5204348804451219,0.3601550443172233,22,SIM_ATTACK
1.5208123028291607,13,816.3742023744747,3.9577762944603645,4.590287116005316,536.8014191204117,62.798015567267285,1.4458587187368084,1.143659403356248,80,NORMAL
0.6303732208558216,9,566.252636731096,8.713206240471708,5.564049997953548,898.2815544770878,62.91695963678845,0.5539961822576728,1.1313224413039484,443,NORMAL
0.8816248186941469,15,1166.5759192229098,10.212858227161702,6.801181851947957,1323.2112963321852,77.77172794819398,1.0227439768288191,0.5847677620859443,22,NORMAL
1.104950610338708,34,3410.585894122123,21.52028799095526,9.2503181174732,3086.6410337351217,100.31134982712126,0.7097694200741317,1.3248276986785246,80,SIM_ATTACK
1.0271689629529241,37,2108.850910860966,16.932917866633876,19.088419746246988,2053.071098252816,56.99597056380989,1.058893508035297,0.8156382852675881,3389,SIM_ATTACK
1.1344925871356295,38,2054.6431064757453,15.29226716024216,18.202883386261206,1811.0678992300116,54.06955543357225,0.7217749839032033,1.753216172000363,22,SIM_ATTACK
0.6213686573633206,38,1027.769960061996,35.331131272328804,25.824190209844076,1654.0421662450353,27.046577896368316,0.615138854190727,0.8610467682677022,22,SIM_ATTACK
1.9039057180723433,28,3588.9499786294145,10.131142365638643,4.575468226586111,1885.046063238434,128.1767849510505,2.391980403860752,1.1617247485692508,80,SIM_ATTACK
1.0306533939866958,10,711.9012412648921,7.142944654714534,2.5596382488538074,690.7280812525822,71.19012412648921,1.0765337038715777,1.8433932465280942,443,NORMAL
0.8453795232476441,13,627.6274924039596,7.305666663976323,8.072041977532612,742.4209779683811,48.279037877227665,0.8328758840704255,0.848617343180351,53,NORMAL
0.4534831345125567,14,500.1129595532019,15.930970869062836,14.941180561769148,1102.8259299891429,35.722354253800134,0.9541017390523291,1.7940148661877076,53,NORMAL
0.6625281148766925,34,1281.0111320775773,27.357448451968487,23.961128430354407,1933.5196549598425,37.676798002281686,1.4940837827734943,0.5134793133210056,80,SIM_ATTACK
0.9665810466860368,9,2600.613595964695,4.576633871014274,4.734535669146763,2690.5282333861255,288.9570662182994,0.7818829030307646,1.0563501525228525,443,NORMAL
1.303048740174027,11,923.6087720385933,4.3587608714372434,4.082980147805759,708.8060051500775,83.9644338216903,1.6957125817321426,0.9523472772732545,443,NORMAL
1.737312897387032,10,1397.63409620893,3.982392436463434,1.7736230832741358,804.4803548692993,139.76340962089301,0.793681276715758,2.26680503088466,80,NORMAL
0.4631101551091121,41,1579.4872176061795,57.51810009675511,31.013752525522428,3410.608038241012,38.5240784781995,0.8976206682823429,0.600339553594635,80,SIM_ATTACK
1.1526058398327668,32,3466.4389849751387,14.838516719158013,12.924660330719616,3007.4799772644647,108.32621828047309,0.7903253753663595,0.2493309859679054,3389,SIM_ATTACK
0.6175989304682471,40,1347.7942720847918,35.534482222995415,29.232469315720927,2182.3131576068795,33.694856802119794,0.5163019652167851,0.5915693200951717,3389,SIM_ATTACK
1.0156096976496776,41,1650.0013374270798,28.096507499109226,12.27333151964191,1624.6411798208608,40.24393505919707,0.7567031142979295,1.7609435591525398,443,SIM_ATTACK
1.1683372376748085,35,3291.843043875723,15.671818177499192,14.285285706013076,2817.545258102922,94.05265839644923,0.7513556938052868,1.2342763720283363,3389,SIM_ATTACK
1.1697112502878584,11,1200.5965640419736,6.169206166706281,3.2348240991332338,1026.404220483059,109.14514218563396,1.6196892793057551,1.0186575752755231,80,NORMAL
1.1812050973868709,9,934.9349583664081,5.528035812914844,2.0913014384315245,791.509417318571,103.881662040712,2.063356396650846,0.5555925150775821,53,NORMAL
3.2021630999402206,8,10265.70510460442,1.7763186747618562,0.7219925449725,3205.8657801646846,1283.2131380755525,0.5818049082123835,1.5493381498090981,443,NORMAL
2.530568391846755,35,3739.7489526780546,7.2384757605539765,6.592409076531078,1477.829630974275,106.84997007651585,1.1642578986157275,3.173725804477777,22,SIM_ATTACK
0.6023848915614813,10,336.8521473743379,11.844832635625133,4.755849320521451,559.1975364806401,33.68521473743379,1.0051542696927152,0.6648148817173511,443,NORMAL
1.1246967610803633,43,1508.1394371732233,25.14992392101562,13.082603714873521,1340.929830476734,35.073010166819145,0.48249901873845624,2.046428291195015,443,SIM_ATTACK
1.0166108364622775,37,1444.9617511649624,24.796348727498707,11.599092549477025,1421.3519070810921,39.05302030175574,1.776639221465001,1.080199650910446,3389,SIM_ATTACK
0.5177819583769804,40,1661.0840611642448,57.218710677138745,20.03388446036368,3208.076361661993,41.52710152910612,1.6903626480880554,1.9847651408994198,80,SIM_ATTACK
0.8179154659617701,11,552.837894082266,9.855797887550976,3.5930247081500664,675.910796517578,50.257990371115085,0.8039251306422875,0.4255236936628852,80,NORMAL
0.8436729978188398,39,1178.4363862754806,26.03406101676379,20.19237991571512,1396.7928205858307,30.216317596807194,0.7712628395237402,0.5547535715518533,22,SIM_ATTACK
3.2715074866109393,32,5942.480065892413,6.185996242246108,3.5954271935748627,1816.4348057318434,185.7025020591379,2.076472390857974,0.9459096107098159,3389,SIM_ATTACK
2.4321072747953565,30,8289.68352253773,8.969766847468655,3.3652153759302994,3408.436629603538,276.32278408459104,1.167675317916567,1.2579374684530185,80,SIM_ATTACK
0.3389102465996752,38,2111.3449613438424,68.33227190586877,43.79180926682605,6229.805627086242,55.561709509048484,1.7317446803187109,0.8769874432657596,3389,SIM_ATTACK
0.6336441433216138,16,1575.2854454931821,18.12783390521365,7.122932110119038,2486.072761969216,98.45534034332388,1.313173410547496,1.9480438925677,3389,SIM_ATTACK
0.6866861558890138,17,1613.7515205978352,11.269875914182604,13.486702989015262,2350.0568735197553,94.92656003516677,1.9155674259425624,0.6797509642372911,443,NORMAL
0.6234281653359985,30,1340.5066738192693,28.451314885645345,19.66970637721564,2150.218338462137,44.68355579397564,0.879472852337667,0.9004487861700117,3389,SIM_ATTACK
1.0342811594010553,34,3894.7840394531872,16.380234242027473,16.49283870429706,3765.691759974269,114.55247174862315,0.669091222326796,0.4866474878242738,22,SIM_ATTACK
0.5565470328982141,9,294.6517446677089,10.885680819859958,5.285459206046882,529.428291322141,32.739082740856546,1.739532338364019,1.4136413173251223,443,NORMAL
0.7400706041683288,47,2731.641874808273,34.93263395124997,28.574820250119537,3691.0557714665856,58.12003988953772,0.8418802218275337,0.7080285030158356,443,SIM_ATTACK
1.6401569972707621,11,2385.500467184941,4.5930708710109975,2.113604171868502,1454.4342225496937,216.86367883499463,2.2219429161295343,1.006136568645573,443,NORMAL
0.49825344888781603,40,1098.0498862773816,46.543490259787845,33.73693748092646,2203.797863774772,27.45124715693454,1.3067783441346217,0.6366864611931367,80,SIM_ATTACK
0.5488803743944155,35,3322.8884918232966,37.26511159274324,26.501059749447315,6053.939340588499,94.93967119495133,0.9427494789371709,0.6747075969064791,80,SIM_ATTACK
0.42524218152651333,40,2054.7040831404743,60.42688804049378,33.63715766731907,4831.844469813882,51.36760207851186,0.586400443689008,1.010646221501253,3389,SIM_ATTACK
1.2122467827529053,10,1766.5567601451314,4.98343712637639,3.265708297042168,1457.2583613160327,176.65567601451315,2.26887625879618,0.6485135271448478,443,NORMAL
1.0335664031035248,15,790.8983954405509,6.806312907603814,7.706542729884975,765.2129491300158,52.72655969603672,0.5207002615053248,1.2608372682293791,80,NORMAL
0.4515026188803828,39,3022.484164095749,46.04653472066974,40.33170179257698,6694.278255995011,77.49959395117305,1.0797940243447572,0.6840150461358359,3389,SIM_ATTACK
1.2498656939992958,14,2055.009910886294,5.14359370003842,6.057609811038897,1644.18458779416,146.78642220616388,1.3239958815730448,1.5038995817421297,53,NORMAL
0.8226438033448161,14,1089.2308108096136,11.302581581294449,5.715719587543036,1324.0612843382178,77.80220077211526,0.964255571193202,0.6731744301539833,80,NORMAL
0.36208306888387237,36,945.6114286596053,64.0885172386679,35.33618138358652,2611.586980784464,26.26698412943348,0.8151714875307841,0.6521754722511071,22,SIM_ATTACK
0.8877306784838598,12,1262.7950547811631,7.490235061887433,6.0273782084961,1422.4979325237125,105.2329212317636,0.594896986109882,0.9033743907546403,80,NORMAL
2.1277165633542334,35,6768.0665021610575,11.45173909367248,4.997820308555578,3180.906056157948,193.37332863317306,1.0729325502396454,1.4695810621741616,3389,SIM_ATTACK
1.2139561620169745,28,2206.8444987652592,16.715561839279864,6.349521461156879,1817.8947212546882,78.81587495590212,1.4364716400440638,0.509475620623866,22,SIM_ATTACK
1.0526139974895465,10,914.8823236522768,6.250083740372305,3.2500749349347933,869.1527243930294,91.48823236522767,1.0943710068059882,1.9272015820496626,443,NORMAL
0.6998162964535564,10,578.6907193116917,8.659635202229145,5.629829119588994,826.9180386971694,57.869071931169174,0.7301448412621612,1.837297517215611,80,NORMAL
0.9352779863682269,6,1952.9242472952665,3.5957950445593587,2.819409939895123,2088.068227585102,325.4873745492111,1.6815204095459657,1.1585736424820152,443,NORMAL
1.067723607984526,13,1970.1845481879598,7.117832878916868,5.057602695219471,1845.219618124724,151.55265755291998,0.8201350399031215,0.7313618253694237,53,NORMAL
0.8158931514955866,17,565.3300071912751,10.280004614295331,10.556057030342652,692.8971105530024,33.25470630536912,0.9600247831408776,2.075651525378293,80,NORMAL
0.2406505338284264,34,872.0961184071552,66.99034157226399,74.29336746052192,3623.911007107604,25.649885835504566,1.4064734492722542,1.1110722397960033,22,SIM_ATTACK
2.7138422789348167,9,2093.4314536657344,2.0150562032095656,1.301275062560419,771.3902425042204,232.60349485174825,2.4232046248750083,0.6478859607593253,443,NORMAL
1.0194778265831501,20,774.0501530065162,9.875928155583226,9.741958058804949,759.2613912955796,38.70250765032581,0.5517241722796685,0.8463798996795184,443,NORMAL
0.5469665547033927,32,3326.162465080928,39.76611038373588,18.73838084124013,6081.107585974117,103.942577033779,0.6090828675864148,0.8636049903553296,22,SIM_ATTACK
1.392823504702398,16,1467.9505635636456,7.119632561596354,4.367824353067568,1053.938678237125,91.74691022272785,1.5411374476651944,1.4765203870009587,443,NORMAL
0.554797658185281,14,296.34486157344105,17.845082810841905,7.3893423772408795,534.1494456605534,21.167490112388645,0.7007003849987735,0.2691940430498387,443,NORMAL
0.952745392839595,34,2009.0885336548642,16.92513355870886,18.761210616270812,2108.7360261768445,59.090839225143064,0.5621297529797641,1.2908378304803847,22,SIM_ATTACK
0.9175258059960588,41,2333.7876919826344,27.780903144697017,16.904488516293622,2543.5662699961804,56.921651023966696,1.370975833036038,3.4578918121531896,22,SIM_ATTACK
0.326802831541475,30,1253.94040108064,47.67856175828174,44.1199084645586,3836.9936856605864,41.79801336935466,1.8324613477614735,1.0847566075075838,80,SIM_ATTACK
0.5367429946116048,8,366.5048402041351,9.462661927280932,5.442050533454431,682.8311573387995,45.81310502551689,1.7373363093347303,0.6682598655727935,80,NORMAL
4.292765796455699,19,3195.8995087722055,3.0431266753465698,1.3829242440134513,744.4849452096558,168.2052373038003,3.0037008229424575,1.6418040786506878,22,NORMAL
0.7132177130005996,29,3998.424564994667,23.266408769708494,17.394387325768765,5606.176756565363,137.87670913774713,3.603736800641372,1.6301266411365272,443,SIM_ATTACK
0.6246517103826292,14,1216.643174739754,11.53780948061287,10.874680179303896,1947.7144695473603,86.90308390998243,2.4207707566595005,1.3572589650592568,443,NORMAL
1.046284053891227,12,993.910644319631,6.069963854723419,5.399196891224005,949.9434122341687,82.82588702663593,0.8710196512685825,1.599728043402337,80,NORMAL
0.4731611054700474,10,476.7509892071329,15.513448801443438,5.621001778694179,1007.5870220429872,47.67509892071329,1.2336836844760448,0.7973850227140382,80,NORMAL
1.0223523413325983,15,949.3151726126533,10.08107956246679,4.590965869979774,928.5596894855801,63.28767817417689,0.7198518755721544,0.7565736428312396,80,NORMAL
0.8216759121839193,51,1269.3424906449811,39.82794818786339,22.2403189278756,1544.8213484452963,24.889068444019237,0.5414229533215308,1.173910755725636,80,SIM_ATTACK
1.0342681954721569,39,2114.06591819356,23.869447633810857,13.838373384697782,2044.0210067838943,54.20681841521948,0.9100368392639333,2.190227227482105,80,SIM_ATTACK
0.5229673924266903,13,433.4864117160155,12.227245822908063,12.630900570650006,828.8975909272999,33.34510859353965,1.441762151244261,0.4062889729113262,53,NORMAL
1.4410720929466796,9,2129.247913228938,2.920326663666489,3.325023616899249,1477.54433914204,236.58310146988202,0.30183209238012293,1.2429682346844095,80,NORMAL
0.3981766355127222,45,766.8057875050685,64.87428298448832,48.14088663252001,1925.7930252930878,17.040128611223743,0.8256994905196526,1.2770014743379576,80,SIM_ATTACK
1.1782116545193826,7,1548.101709110342,3.5348922211133673,2.406315348128891,1313.9419417318913,221.15738701576313,0.6360371067466299,1.7292213273988708,80,NORMAL
0.6100739226352508,35,5701.3015111219665,36.62649193369154,20.74360487165199,9345.263417414817,162.89432888919904,1.7010361439026744,1.040735084924168,80,SIM_ATTACK
0.31864126010240373,38,1230.8294391117367,72.37036704677594,46.88600291544334,3862.743446081582,32.39024839767728,1.9126491176090232,0.521950280158257,443,SIM_ATTACK
0.8385619862861468,17,2729.696516843691,10.328777124228258,9.944023548850433,3255.2113755276077,160.57038334374653,2.1374166964767776,0.8833713436177264,80,NORMAL
1.248066128507485,30,9090.96672534616,17.79945187888091,6.237735987018365,7284.042501992825,303.0322241782053,0.6245211812747558,1.1346177177180994,3389,SIM_ATTACK
0.9000139577368544,17,809.0169679240041,9.603047352431114,9.28554860084459,898.8938015565133,47.58923340729436,2.1169449938335125,0.7910092003656919,443,NORMAL
1.148941387976582,40,5890.729469350189,25.400035405349335,9.414621302635226,5127.093105875872,147.26823673375472,1.170414273687106,0.6743103834067028,80,SIM_ATTACK
2.076579660288296,9,3192.031240362247,3.198286815545286,1.1357631475322245,1537.1580977149174,354.67013781802746,0.597001646535216,0.5291831135051956,80,NORMAL
0.9097165873353034,13,1967.0724688366724,7.663084990817628,6.627079859401222,2162.2915270771564,151.31326683359018,0.9055492963043854,3.0913589784258666,80,NORMAL
0.637725465410787,13,320.5913107321399,13.481150898227693,6.9037963950815495,502.7105363051998,24.660870056318455,1.7469442314601418,0.7042549826576611,53,NORMAL
1.1828427228810616,9,1219.1066841868544,3.702545549476827,3.9062428599227013,1030.658312051381,135.45629824298382,1.0693289942258235,1.0087077229240755,80,NORMAL
1.0624621255604394,7,1418.764866459576,4.715977743537561,1.8724924066878526,1335.3557104082088,202.68069520851085,0.508483003281172,1.2489688923774664,80,NORMAL
0.4717756481940691,11,411.2735408497433,13.89155923482052,9.42460818947827,871.7566123306184,37.38850371361303,1.9565934637161677,1.4020822134542825,443,NORMAL
1.3107058454190286,19,1489.525030901518,9.98492032416177,4.511085828863175,1136.4296848964777,78.39605425797463,0.6972120163468825,2.067370663725779,443,NORMAL
0.6709940227112163,37,2075.7557809928603,39.794629171794895,15.347441767224673,3093.55331155644,56.10150759440163,1.0989817782798006,1.6923868794670576,3389,SIM_ATTACK
0.8516930109504077,42,2578.9298427687286,29.614387368063102,19.69915572786066,3028.003998636657,61.40309149449354,0.8587851988207836,0.6881765671070661,443,SIM_ATTACK
0.5783616638722416,39,5527.991297623068,44.66267942118638,22.769175828152868,9558.018179510917,141.7433666057197,1.0412192620768488,0.762651695682251,22,SIM_ATTACK
4.900939099358291,14,2834.5813506159707,1.3908288633460917,1.4657665189211773,578.37514263075,202.47009647256934,1.8352727752158453,1.175068541900384,80,NORMAL
1.6004460284774311,15,961.3972511247717,6.623293996843288,2.749093283388901,600.7058245128002,64.09315007498478,1.6400197493159865,2.2690182267641497,53,NORMAL
0.9144429891256126,36,2064.0316995554927,28.262107116145394,11.106120786638442,2257.146398518636,57.33421387654146,2.242566931070359,0.9838263767341613,3389,SIM_ATTACK
0.4636667617349709,33,4494.3615235566385,37.93667004352233,33.23513419907421,9693.085410607,136.19277344111026,0.8136748471973361,1.7468826627593832,443,SIM_ATTACK
2.634294966286468,14,1508.7918686671758,2.460313750717317,2.854201206480366,572.7497823807106,107.77084776194113,0.5793403138745432,0.8169031033671967,443,NORMAL
0.9090769556086724,16,2231.8337329090264,11.633282572946325,5.9669875706161655,2455.054788419647,139.48960830681415,0.9735064620342744,0.6608848192679478,443,NORMAL
0.5214771854530029,11,1441.5230959985433,11.334386441214734,9.759537333119498,2764.3071187214146,131.04755418168577,1.1844078148793757,1.260468479289902,443,NORMAL
1.0923012172155546,12,1747.4752117789337,6.687201337086294,4.298779279679715,1599.8107337402034,145.62293431491113,1.2665319515742732,0.2572539451528588,443,NORMAL
1.2636782342484534,42,6776.001588428276,22.233135237052892,11.003173549240827,5362.12574117664,161.33337115305417,1.0655238471707513,1.6566242370812025,3389,SIM_ATTACK
0.60394749056838,11,777.6314261324868,11.849887182430436,6.363616759191721,1287.5811859084824,70.69376601204425,1.20291555090103,2.134831423005205,80,NORMAL
0.652710442018303,9,1113.9757118800208,9.798777756711985,3.989878622325424,1706.6920339674652,123.77507909778008,1.3677980089084367,0.6847033349611228,22,NORMAL
1.3844409250378307,15,2237.4401838210506,5.846588117989768,4.988110372009086,1616.132652073913,149.16267892140337,0.4569671354269248,0.7151543977113253,443,NORMAL
1.13182678416946,13,903.2180296478267,7.988983695729537,3.4968727814516978,798.017896625951,69.47830997290974,2.0351131111314182,1.1980813327581392,443,NORMAL
0.4152542915522019,11,919.006984802877,14.379456842303625,12.110335614464237,2213.11857215893,83.54608952753428,0.8528057211688912,2.180454542692425,443,NORMAL
1.270534615856631,17,1026.7772820802818,9.488625902031123,3.891568378262539,808.1458539309447,60.398663651781284,1.1012446814119077,1.1716186409736762,443,NORMAL
0.8053631002849754,40,3978.2202295587776,30.70854745920261,18.958490906282616,4939.660419196131,99.45550573896944,1.6347401269837376,0.909153428078265,443,SIM_ATTACK
0.8990702204252933,27,1042.776361311305,15.691245305385479,14.339779398366812,1159.83861729736,38.62134671523352,0.7525932242590004,0.6970735769016451,3389,SIM_ATTACK
0.6157257985292844,31,1143.9423257912413,27.20895738104317,23.13812905588418,1857.876230821656,36.901365348104555,0.6520118370936587,1.6327379420600776,22,SIM_ATTACK
2.403306538050749,5,3108.8855607433125,1.3760033212731189,0.7044637023198652,1293.5867778501688,621.7771121486625,0.9817561975383038,1.139624277420997,443,NORMAL
0.1631843130061591,35,584.9065025440393,140.93031871005826,73.5510818316653,3584.33045290305,16.711614358401125,1.4749758260945973,1.3327216011711283,22,SIM_ATTACK
0.8523127398469759,31,4165.950228531575,19.280621214551502,17.091004540527244,4887.818794401136,134.38549124295403,1.6045021563882582,1.4082070048746307,3389,SIM_ATTACK
0.7344977347541112,45,2517.9783533184273,45.61596680591627,15.650389604379143,3428.1635383959,55.955074518187274,2.334044427300855,0.5373697646919113,80,SIM_ATTACK
0.9912570307573396,13,1203.473443931938,9.518368925939255,3.5962921524974316,1214.0881795435648,92.57488030245676,1.1202130817808897,1.3500141144032312,443,NORMAL
0.8768718269612104,41,2364.509066209725,27.216044131840313,19.54107445650007,2696.527580779856,57.670952834383534,0.7597201312360625,1.926485665452591,22,SIM_ATTACK
1.5128481835024135,13,960.0811401866742,4.024024068368739,4.569039096702815,634.6182985552315,73.85239539897495,1.1692694937184678,0.48597407116473107,80,NORMAL
0.8843691172844897,11,1131.5124743557078,8.851017518933554,3.5872277623763384,1279.4572449907423,102.86477039597344,0.8294672108813718,0.575382011150826,443,NORMAL
0.38954686264369937,37,604.889578487577,63.93670556591418,31.045448182920396,1552.80310662094,16.34836698615073,0.5853182910954928,0.9678586553723085,22,SIM_ATTACK
0.6414224909931222,10,788.2971421813627,8.940686597401998,6.64966163706181,1228.9826958840072,78.82971421813627,2.4108248365679166,1.390336475048501,80,NORMAL
0.5270106070451552,12,931.8285544054297,15.97513945177978,6.794800734588838,1768.1400373134975,77.6523795337858,1.0914233222156329,1.3473370081744684,80,NORMAL
1.0181991395975163,40,2552.6484062486857,21.91439388656501,17.370652077834052,2507.0227492607405,63.81621015621714,0.9959770604109481,1.1543996978422166,3389,SIM_ATTACK
1.1439151536751857,12,500.73160603871037,7.7167559905392435,2.773532525568128,437.73491803999036,41.7276338365592,0.9094338411082393,0.4926706228105769,80,NORMAL
0.6725867574423527,33,749.2368230651944,34.53377390185969,14.530528412817418,1113.963090671483,22.70414615349074,1.16821433348906,0.5714058904359954,80,SIM_ATTACK
0.432882674929811,29,1063.284511209766,33.366361483421,33.626386620212756,2456.287980067972,36.66498314516434,0.6071819618552259,0.6130862639862984,22,SIM_ATTACK
2.555945734460952,8,3209.669434247791,2.138242093761699,0.991714811089099,1255.7658760015534,401.20867928097385,0.8469225904217919,0.5255471241253955,443,NORMAL
0.4754418376888077,37,917.12670895514,57.22689261255945,20.59545507956291,1928.9987465415895,24.78720835013892,1.609298016541106,2.960037670799075,80,SIM_ATTACK
0.540541317250928,33,3338.148374859547,45.369273084472056,15.680639192041056,6175.565619732126,101.15601135938022,1.293101080059683,0.8175636588834607,3389,SIM_ATTACK
0.577976662158987,23,1249.8405484966395,20.61389714079353,19.180097160092746,2162.4412027779063,54.340893412897366,0.6096805609536061,2.087565473437792,443,SIM_ATTACK
0.839992314892425,13,884.474699824121,7.627678728382047,7.848653339804632,1052.9557046452178,68.03651537108622,0.7473979686088713,0.5211117734756675,443,NORMAL
0.8072160625205603,11,1368.6041153414037,6.557936824708999,7.069145824826141,1695.4619449319302,124.4185559401276,0.9864010879266222,1.1786461207218824,443,NORMAL
0.6659967104919894,13,745.6981744628764,12.001446998921658,7.518168931908626,1119.6724589105095,57.36139803560588,0.8283882932445459,0.9295654602076101,80,NORMAL
0.7638486138896651,13,627.2603808264327,10.137631009242847,6.881448116660755,821.1841579868834,48.250798525110206,1.960098656335619,2.3090996236166537,80,NORMAL
0.749051863623676,11,1081.391403914879,8.048927410745964,6.636304058788706,1443.6802796050054,98.30830944680719,2.4297858712709237,2.454651441162426,443,NORMAL
0.40735817198832325,41,839.9278099564602,53.54164572525489,47.106881343388885,2061.890168685597,20.486044145279518,1.244988748122927,1.2371068888813597,443,SIM_ATTACK
1.2756887647435786,19,1676.702891393867,6.870067712211589,8.023847265411593,1314.3510687976427,88.24752059967722,0.9742207702161533,0.5267054858959371,80,NORMAL
1.3901925337314363,33,1845.7878611905837,14.119397895826452,9.618321304422892,1327.7210288536635,55.93296549062375,0.6812615620605114,1.0558676017392183,3389,SIM_ATTACK
0.5918547927903494,33,2316.717849922732,26.67512362504506,29.081795811931556,3914.3348641317416,70.20357120977975,0.7791729947368057,1.8224646674635812,443,SIM_ATTACK
1.1318943595549253,38,1802.9641342569707,17.796178022606654,15.775859578978412,1592.873150252218,47.44642458570976,1.4712498238542295,0.9379623503402198,3389,SIM_ATTACK
0.889385816489386,42,2264.161367828233,25.874044598830153,21.349555352183046,2545.7583490204597,53.908603995910305,0.9376656706383562,0.37063573130932703,22,SIM_ATTACK
0.5665842774199691,45,1171.6489606170378,44.320582148451805,35.10273013425855,2067.9164729955555,26.036643569267508,0.6571777964991602,0.3080522542169849,22,SIM_ATTACK
0.6412734108025325,54,1029.0849793065636,47.78875873871176,36.418693325175894,1604.7522974930423,19.057129246417844,2.347098501110449,2.2565157638770397,22,SIM_ATTACK
1.6485763931371968,15,1864.1445807211674,6.412074965329564,2.6866844627703372,1130.7602052785373,124.27630538141116,0.9038161714846554,0.5300747474583933,443,NORMAL
1.085643846438737,34,3163.503325694171,20.597710072798403,10.720111247269866,2913.9421146921113,93.04421546159327,1.1608190120228303,0.8743573976064447,443,SIM_ATTACK
0.48857733184567326,36,1290.8069428474919,35.12199353018942,38.56132670082635,2641.970592395839,35.85574841243033,1.3563943233317879,0.7912168517296599,3389,SIM_ATTACK
0.7848652357520693,44,7096.140015013045,26.310280131773336,29.750299437454952,9041.220953318718,161.27590943211464,0.9493551859660486,1.0094719449861893,443,SIM_ATTACK
0.6167481441876919,30,841.2994902110931,32.428003093141186,16.214218667432526,1364.089212330187,28.04331634036977,1.313552214337493,0.46610795070365957,22,SIM_ATTACK
0.37475692914115205,37,822.4233093359095,51.160023234851074,47.57063955714754,2194.551308819547,22.227657009078634,1.116827719456224,0.7407200476388994,443,SIM_ATTACK
0.3296386994063364,42,2643.054943436089,94.01919640197507,33.393028181000176,8018.035953290999,62.92987960562117,0.38422796409597315,1.1804526931022272,80,SIM_ATTACK
1.080981143107609,36,2774.733351294101,15.992359286343431,17.31071933768053,2566.8656377458037,77.07592642483614,0.757536404285924,3.0388007339457386,22,SIM_ATTACK
0.42620871643739405,15,319.04675297103535,21.11516527983795,14.078859200427122,748.5692822941133,21.269783531402357,1.3765238318177306,0.5551948462799013,22,NORMAL
0.9394088212229652,16,1084.9909037067118,7.805747511295604,9.226240733364982,1154.9720198435239,67.81193148166949,0.9448943141261523,0.712539816718848,53,NORMAL
1.082496389482988,14,1640.6728585465041,8.211103417780468,4.721965122694343,1515.6381808627623,117.19091846760743,1.7676838528251861,1.6634849349245995,443,NORMAL
1.2004806667068704,9,2537.40934232091,5.615453213404949,1.8815438225311505,2113.6611464818257,281.93437136899,0.6501026814903041,1.2957465313848868,443,NORMAL
0.6649392601703585,53,5134.404670257141,40.37523444028922,39.33129392204768,7721.614556105017,96.87555981617248,0.37845360633951786,0.7468651308486137,3389,SIM_ATTACK
0.8015019644680371,21,949.2331148434597,13.01184321386396,13.188965930674891,1184.3178893185532,45.2015768973076,1.3864660161622053,0.5843561295198958,443,NORMAL
0.611373954463848,45,1483.217798198652,51.136281517842576,22.46842419694913,2426.040212163402,32.9603955155256,0.9314463658370455,1.7759178897777332,22,SIM_ATTACK
0.7265565761019326,10,1361.485117872126,6.472887065094013,7.290666013802139,1873.8872685960189,136.1485117872126,0.4529766869130899,0.9877423747399483,80,NORMAL
1.336134269568049,10,1388.1708315199812,4.272883704911251,3.2113940565092696,1038.9456083397629,138.81708315199813,0.9602779663847106,0.7290909296691442,443,NORMAL
1.5402026625862122,9,940.2010810045692,4.318343556861442,1.5250433029481378,610.4398491467624,104.46678677828547,1.130762685003742,0.557574635196476,443,NORMAL
0.8390573739612189,15,951.6272024202424,11.52595382992592,6.351250358369905,1134.1622539202265,63.441813494682826,1.639588720271713,0.5229714645473893,80,NORMAL
1.2656276266646478,7,964.3684937163691,3.63685557929238,1.8939971395656476,761.9685864931715,137.76692767376701,2.0629236742972052,0.9787876915582335,80,NORMAL
0.8537462195396344,8,910.6233000794339,6.748651938436964,2.6218141519591267,1066.6205943148648,113.82791250992923,0.34798193581709386,2.5736035796724805,443,NORMAL
1.2088143669226177,14,730.4552891852903,5.769249418512179,5.812346882035604,604.2741624959942,52.175377798949306,1.8672645853276066,1.3487286821100601,80,NORMAL
0.9733961995916915,35,2201.706215810809,17.208267860485048,18.74831386305299,2261.8808422863726,62.905891880308836,1.4410893645643812,0.8511839316641399,80,SIM_ATTACK
0.7149303606683092,11,632.9191935086909,7.623906937438347,7.76220701877596,885.2878942181793,57.53810850079008,2.7395023938948984,0.8791980092285029,443,NORMAL
1.1182866915658956,16,1968.902329112102,9.30581423362601,5.001786957259835,1760.6418317963892,123.05639556950638,0.5717197705032844,1.3565100126736152,80,NORMAL
0.8153236162815534,40,2567.020639163822,34.701977942633086,14.358296040877917,3148.468396967616,64.17551597909555,1.6052426686729695,1.3270350960876107,443,SIM_ATTACK
0.621878198693176,14,725.2651595774088,13.638329354569242,8.87411766386589,1166.2495342359512,51.8046542555292,0.7862253838388502,0.9011115903190222,80,NORMAL
2.0916945439101955,12,3421.1615613086997,3.3145946809570113,2.4223806508078765,1635.5932902675218,285.09679677572495,1.684485856021777,0.8982764402216483,443,NORMAL
1.2161305356654792,39,3355.2709745297548,18.60939958876655,13.459526284111725,2758.97272219525,86.03258909050653,0.7167695135913627,1.2041672883538788,22,SIM_ATTACK
0.5878948309967175,17,1081.0919255015292,20.624453943034876,8.292282697051213,1838.9206172618406,63.59364267656054,1.4884022550431368,1.0761363734831475,443,NORMAL
0.7849896730262856,17,689.6086458885088,14.92873788560451,6.727597967148485,878.4939083719858,40.56521446402993,1.3556239433592976,0.5841787052450238,53,NORMAL
1.3901165038274355,36,11961.594332700854,14.750446821046607,11.146663170008447,8604.742336175967,332.26650924169036,0.5004188379739941,0.47725953715194724,22,SIM_ATTACK
0.5939964593447614,42,1534.0422408110803,50.095274922912154,20.61221725024032,2582.5780889389225,36.52481525740667,1.637512829267758,0.5726750115428243,80,SIM_ATTACK
1.2160797070621607,10,1857.3337080550243,5.513435285036278,2.709709910074558,1527.3124757110065,185.73337080550243,0.99292463492386,1.2840787856965747,443,NORMAL
0.8229084288448789,40,1249.6443737496315,22.015562648998547,26.592518879766715,1518.5703900296223,31.24110934374079,1.1817667579580111,0.4257977694845565,22,SIM_ATTACK
0.4508911113668306,29,1185.7168194921603,37.54347555581417,26.773605151519902,2629.7187715627842,40.88678687904001,1.6004730446318571,1.1116908634362412,22,SIM_ATTACK
0.7452566311567785,53,2010.933566849235,41.80908773754708,29.307354282880205,2698.3101964861253,37.94214277074028,0.5426936586473741,0.9967104515419671,443,SIM_ATTACK
0.9087620471849285,15,902.7812303843241,10.392264043734984,6.113706959857749,993.4187207540949,60.18541535895494,1.065551943769308,1.2219935867783402,22,NORMAL
1.1709349143261392,12,1228.2112229951026,6.907888170663926,3.3403330183898428,1048.915023344338,102.35093524959188,0.9716170389249452,1.186830318564614,80,NORMAL
0.8447939047865138,18,1923.0648547689577,14.358387914703275,6.948583996450303,2276.3716024382675,106.8369363760532,1.3477015305657032,0.982803251286,443,NORMAL
1.1197537094732215,34,2588.300839691989,18.202437993404033,12.161381936243718,2311.491194710695,76.1264952850585,1.2533884838694442,0.8402210375434453,22,SIM_ATTACK
1.2537849989543008,16,1393.5255467214008,6.30131266775519,6.460045949028822,1111.4549527101124,87.09534667008755,0.44370845877811876,1.0657693957010244,80,NORMAL
2.1046724649236133,31,6847.517661156627,7.23128643742548,7.49784625027047,3253.4837487908835,220.88766648892343,0.9093857420251602,3.951187478614835,3389,SIM_ATTACK
0.7306696999361716,13,562.6465137555317,13.296043671237957,4.495853270890105,770.0422144296969,43.28050105811782,1.2616071540149163,0.4327360504112497,443,NORMAL
0.9780146845783361,25,2160.038010720309,17.693433835002644,7.868554542276751,2208.5946609805696,86.40152042881236,1.1660520624173945,2.2844126263455666,80,SIM_ATTACK
0.750845288768387,34,1364.1773565510614,29.48685086888019,15.795446974088591,1816.8554520582054,40.12286342797239,0.285309551918262,0.6982372042303776,3389,SIM_ATTACK
0.8373616026307181,43,1663.620535275478,29.109723099167745,22.24204639313757,1986.740889537952,38.68884965756926,1.569870821219484,0.44627075187679055,443,SIM_ATTACK
0.4310915123372112,12,419.87185039861805,12.833650589512823,15.00266642573215,973.9738277894536,34.9893208665515,1.075667408285051,1.443217579502263,80,NORMAL
0.9560566412064437,31,5762.53625239073,15.23559544630397,17.189261684421297,6027.400474012722,185.88826620615257,1.3274113940499477,0.6179368689512207,3389,SIM_ATTACK
0.8092485677531543,12,406.6192528363718,8.741441942187574,6.087129251107845,502.46521160406076,33.884937736364314,2.13333536743292,0.4275265350041789,22,NORMAL
0.44582482656662825,12,304.99780814362487,14.762391433569269,12.154009997939182,684.120286643667,25.416484011968738,0.6650851696751141,1.438246572319938,443,NORMAL
1.2713403043091827,16,831.2661504993073,7.118998262552467,5.466145106039183,653.8502300931916,51.954134406206705,0.9460771748372556,0.9227770700005605,443,NORMAL
0.8480609276677059,32,1821.0737443176856,24.474873759589205,13.258264221433901,2147.3383396236754,56.908554509927676,1.067086850616126,2.235612758851385,3389,SIM_ATTACK
0.9288905702902392,10,1118.9297999588914,6.466206631882533,4.299324120437862,1204.5873171145154,111.89297999588914,0.9013490987085724,1.5974744769566551,22,NORMAL
0.6976262973825027,46,1327.0138795625455,49.172348636908666,16.765532679481254,1902.184428169506,28.848127816577076,0.943840915734688,1.2094740028317033,443,SIM_ATTACK
0.6195353423849144,33,2257.0535344355267,28.828557135886097,24.437169195344342,3643.139269096338,68.39556164956142,0.9103199090072116,1.1278967846603916,443,SIM_ATTACK
1.5305739372090437,15,1227.3187410587914,6.136125888302573,3.664119389199053,801.868313070044,81.82124940391942,1.3384836488375194,0.5843305330487121,443,NORMAL
0.5446962786146156,28,890.8106334531652,26.637716268604528,24.767077741032182,1635.4263255090698,31.814665480470186,0.7205067929629018,1.2900582579969215,80,SIM_ATTACK
1.2426072855410697,20,789.5698963509824,9.241528665315037,6.853661048055571,635.4138636867715,39.47849481754912,0.8153066485295887,0.8107234264484335,443,NORMAL
0.7169459292961713,16,919.5978947086039,14.600750232648402,7.716134969150936,1282.6600405017668,57.474868419287745,1.764188451271355,0.7628306163622907,80,NORMAL
1.195345816336142,17,877.6494682056825,9.786602860978354,4.435222963540573,734.2222277531105,51.62643930621662,1.0441735513843966,2.129653240955178,80,NORMAL
0.3587655921134902,10,465.7796290195269,12.773362230413438,15.099990788447547,1298.284002865538,46.57796290195269,1.6480114052870223,0.8872486015255258,443,NORMAL
0.4825947956037261,16,919.2383846941701,22.7545202529984,10.39958780153211,1904.7830458764124,57.45239904338563,0.8136500245175011,0.9922557498604397,443,NORMAL
0.9234926523426021,20,1408.2391444687216,10.233472090791617,11.423440878972103,1524.9056296186814,70.41195722343608,0.3776321927343276,0.5505139773753807,443,NORMAL
1.5357025146786616,17,1488.7492939685424,5.777419122183456,5.292433168549536,969.4255754214585,87.5734878805025,1.188183963276743,0.5907628053268528,80,NORMAL
1.7328443170909882,32,16614.09723137358,13.259743155765378,5.207005232641485,9587.761039759469,519.1905384804244,1.0129978968310134,1.4944895368773738,443,SIM_ATTACK
0.42985391122339267,34,484.1051087957824,48.37773705858757,30.718902781756682,1126.2084539791374,14.23838555281713,0.9934560458475119,1.055250785516515,3389,SIM_ATTACK
1.738711558009001,13,853.3052924024779,3.7121620567562634,3.764638761710892,490.76874681824626,65.63886864634445,0.9995441492900439,0.7980952804895592,443,NORMAL
1.520536577301953,17,1729.0662172877926,5.8635068120006535,5.316756953942337,1137.1421398858129,101.70977748751721,0.4427718880457512,1.13533190696162,443,NORMAL
0.4640230575647506,18,640.8828712604294,23.434121133560765,15.357054663750233,1381.1444513638194,35.60460395891275,0.9350503617301591,0.814072248695492,443,NORMAL
1.6451814678737322,9,1081.9436782176529,2.8794862842363425,2.591034856286711,657.6439738383268,120.21596424640587,0.6559610984969884,3.0297299801267092,53,NORMAL
1.3737929257856247,11,1413.2646330739738,5.3348870049453865,2.6721421429951437,1028.731919161526,128.47860300672488,1.2096924921956724,1.4166008566929837,443,NORMAL
1.2565723020666852,12,1240.9156289188795,6.593128275031356,2.9566604480398055,987.5401732776894,103.40963574323996,1.334784415181289,1.5973060154253245,443,NORMAL
0.7264568344442873,28,3167.3247972767135,27.53081068286719,11.012429152461728,4359.962832065033,113.11874275988262,1.7212543499393986,0.5644674933020345,3389,SIM_ATTACK
0.9580051621080244,35,3555.1090868740885,26.2460477198231,10.288202182322426,3710.949823121324,101.57454533925967,2.806890804538088,2.688736236356195,22,SIM_ATTACK
0.6615863725635422,17,1124.9357789520295,15.339904176764506,10.3559092574326,1700.3611706708557,66.17269287953116,0.8923152893778888,1.3487105143505471,22,NORMAL
0.5344798174197968,30,2489.928157883395,36.86939278178605,19.259948349980363,4658.600898914261,82.99760526277984,0.4762798447721081,0.7357753820690116,3389,SIM_ATTACK
1.4445408875701184,10,899.7787432777254,4.018756944344342,2.9038577673936787,622.882156552353,89.97787432777254,0.7211476900986822,1.0277685738623559,443,NORMAL
0.6366956086415345,13,496.51372912344294,14.21564629567968,6.202273701816516,779.8290460693042,38.19336377872638,0.6133348458155357,1.3189349439008218,22,NORMAL
4.273929170676063,13,4041.8566499196536,1.967010995224031,1.074686581140722,945.7004289287977,310.9120499938195,1.2626127653313783,1.9661457796243293,443,NORMAL
1.7050785981351988,7,1015.5049702174292,3.0259403093246138,1.079442285739169,595.5766328473428,145.0721386024899,2.941205305867926,0.6369227224403811,80,NORMAL
0.3128030316189434,31,1061.695982672864,67.03538980867957,32.068509023618816,3394.135847015133,34.248257505576255,1.7613631871843276,1.0538985863811727,3389,SIM_ATTACK
0.3796583664279164,11,982.4931342255372,19.31038985016244,9.66302670719007,2587.8348038777585,89.31755765686702,0.9692411191543866,0.34028436414672264,443,NORMAL
0.6785413662868321,34,1570.4856152876685,24.912036987121162,25.19544604822788,2314.5023919201926,46.190753390813775,0.7213452674223108,0.46567856700064625,22,SIM_ATTACK
0.6073661763966484,12,279.13946368757325,13.719563060503653,6.037875641784641,459.59007026640484,23.261621973964438,0.766784330095872,2.1282293180228753,443,NORMAL
1.1230151943344426,35,1418.396205227856,21.145526540708595,10.020570032671095,1263.0249460413324,40.52560586365303,0.34490357329009297,1.1018132144058443,22,SIM_ATTACK
1.4970614314559394,15,1833.8638807740676,5.6961479446326315,4.323480966261178,1224.9757038965176,122.2575920516045,0.6259043867676065,1.1629263723707457,53,NORMAL
0.37124146210595854,40,538.0142430607677,63.22674739444533,44.519838272710906,1449.2299432524308,13.450356076519194,0.8706981268651345,1.0052431474433778,80,SIM_ATTACK
0.836831966488351,11,673.6738452862335,6.437480676654893,6.707332667605808,805.0288137452637,61.243076844203046,0.7273223638150552,0.6328398931045841,80,NORMAL
1.5906591590823862,9,2052.6126633541026,2.6586742882216634,2.99935744573691,1290.4163985314153,228.0680737060114,0.8589652609302019,0.9260885299981496,443,NORMAL
1.0738097813198362,14,2240.6073726312757,7.705235936323166,5.33245495041134,2086.5961659217805,160.04338375937684,0.8994957083389586,0.9924636331197352,443,NORMAL
0.641196121896382,38,652.0863628082327,37.59359285515354,21.670645811188308,1016.9842588561547,17.160167442321914,1.0962259838279669,0.9979517017397185,80,SIM_ATTACK
0.7657829959920742,37,1589.4718586355095,34.786401843892406,13.53015806100126,2075.6165479704127,42.9586988820408,1.3767089478305765,0.5965780689388347,443,SIM_ATTACK
1.9772645637365758,16,2508.0820812054126,3.9050085168532855,4.186978915401948,1268.460542511172,156.7551300753383,0.678614882022006,0.5810925470209914,443,NORMAL
0.19666140049915215,31,741.2170623857968,83.19032963774434,74.4410099200844,3769.0012402255434,23.910227818896672,2.022160663874972,1.0171575047824053,80,SIM_ATTACK
0.33937463582720273,24,1362.996187957413,38.95895580594225,31.75935212388174,4016.199338631191,56.791507831558874,1.2533140876678759,0.890252948378934,22,SIM_ATTACK
0.2527624979327554,41,359.89955566033973,121.4533140788045,40.75429320203345,1423.8645313439138,8.778037942935116,1.7050781053610846,0.25616938840708786,443,SIM_ATTACK
1.4477449198952872,15,1608.5282755077997,6.1880666442330154,4.172874564308695,1111.057792987553,107.23521836718665,0.49523708558194546,1.4895312864116697,443,NORMAL
0.7855312179017366,10,908.460564737293,7.475215326444886,5.255023487884344,1156.491994250614,90.8460564737293,0.5791919999989003,0.8157898810897392,443,NORMAL
1.1481329366447397,10,1130.4545758895435,4.098858073351894,4.610934739685612,984.6025140548109,113.04545758895435,1.328023012496299,1.3874433953863763,80,NORMAL
0.7210309471833795,14,689.3411191621423,9.723661948033657,9.692980367652394,956.049281733288,49.23865136872445,0.5803612136664802,1.1309390293717596,80,NORMAL
0.9391988615834463,48,3314.794987622304,37.51934589084129,13.588041440393546,3529.3856532510176,69.058228908798,1.1250556257726918,0.5909304011620319,443,SIM_ATTACK
1.1922928335469742,12,3006.6646673564624,4.756399937195803,5.308241619275669,2521.750179787527,250.55538894637186,0.755580178544373,0.8227359075347424,80,NORMAL
0.5379174470441854,46,509.78720330108393,41.38604846533104,44.12893204472014,947.7052772731671,11.082330506545302,0.5178775220258106,0.7451053768151132,3389,SIM_ATTACK
1.0109859802805523,14,611.4891395381042,9.681100353004798,4.166767246618047,604.8443316379261,43.677795681293155,1.3712249471703624,1.1408941340631729,443,NORMAL
1.0587561797998983,29,9401.996180683936,19.24369896036914,8.146932190875624,8880.22791277675,324.20676485117025,1.53520298961203,1.9635639146817994,80,SIM_ATTACK
0.5176711387940498,15,1097.8752173671994,14.160959736174528,14.814965085409158,2120.796650794121,73.19168115781329,1.7593307300602228,0.7067313313634564,22,NORMAL
0.5566696436315316,14,544.0799892874915,17.625013627509233,7.524552475410545,977.3839754186894,38.862856377677964,2.539550684832916,0.7428566686560085,80,NORMAL
0.3787608069379832,35,1381.8623583699975,50.47276497110044,41.933839299680834,3648.377374473854,39.481781667714216,0.5673041280624241,1.272990025705116,80,SIM_ATTACK
1.083980327398926,32,4232.307079289574,20.69308009944408,8.82775085215249,3904.41318196728,132.2595962277992,0.8729982043372269,0.6071931916042718,443,SIM_ATTACK
0.43013024664749,11,587.5023740402886,13.37682313439771,12.196825977088668,1365.8708696246879,53.40930673093533,1.0373699601516366,2.0745121762291565,22,NORMAL
0.665719835660163,9,717.3788765570056,9.688466767300273,3.8307338301629574,1077.5987707285524,79.70876406188951,1.029435935447093,1.0936221979435885,443,NORMAL
1.6004057629199862,32,9344.695577527978,14.147927433544039,5.847001815907726,5838.953966573023,292.0217367977493,1.5224654105216708,0.9195451674269709,443,SIM_ATTACK
1.2533788879506418,30,3335.038047664769,14.923408286884271,9.011891955049759,2660.8378996376578,111.16793492215896,0.9032903329718811,0.5488541190664916,80,SIM_ATTACK
1.7459454643169703,12,1284.302068454885,3.470583873850692,3.4024830376032176,735.5911709174236,107.02517237124043,1.0987147873866674,1.0425301518783239,80,NORMAL
0.45760954791546504,14,339.915427720026,22.5985192850572,7.995247964279656,742.8066771518044,24.279673408573284,2.2864160177984445,1.2535112006284557,443,NORMAL
0.453844069052462,35,1962.9886984176778,49.90629115165064,27.21270717099612,4325.249204018499,56.08539138336222,1.1629480247804087,1.4942891504469527,3389,SIM_ATTACK
0.5280293173992221,30,1709.34363474496,39.84340375604525,16.971623386317354,3237.213500121988,56.97812115816533,0.5117380169999052,1.0100327846440902,22,SIM_ATTACK
1.164577709136176,15,1488.0135698855931,7.904482337973035,4.975722977931759,1277.7280195319256,99.20090465903954,1.6198868972298084,1.2676321600372111,443,NORMAL
1.6160534123129418,31,5170.079886986697,12.839622064887905,6.34291222748546,3199.201120207488,166.77677054795797,0.8170925092651637,0.7534507592498404,22,SIM_ATTACK
1.2089321496463945,33,2522.951923736608,14.637250901999998,12.659566383943059,2086.92599040778,76.45308859807903,0.9231674623381383,1.406906963461503,80,SIM_ATTACK
0.8258049445489984,33,1086.0677249359242,24.211209893794642,15.749800533458828,1315.1625357838764,32.91114317987649,1.7164347151813684,1.5526982120575739,443,SIM_ATTACK
0.7276197933893533,50,2786.5960105771733,37.614235184170575,31.102971871306984,3829.7419007759872,55.73192021154347,1.3037190363273632,0.904156458943762,3389,SIM_ATTACK
0.833995791096893,6,608.1073527629148,3.761459839402283,3.432821071906206,729.149186668096,101.35122546048581,1.3825402824959414,0.7421514859982109,80,NORMAL
0.5414958829891555,38,1045.02605370764,38.792045303699055,31.383926838938677,1929.88734824521,27.50068562388526,1.457132611957978,1.0170902707859215,80,SIM_ATTACK
3.291360948306812,14,4484.467095476792,2.4661012673191682,1.7874583452180342,1362.4962943622922,320.31907824834224,0.6341859630677318,0.5664850012493337,443,NORMAL
0.3732058720088529,35,3675.2027017797936,48.65930883625571,45.12270968238581,9847.655081087827,105.00579147942267,0.5270130082869785,0.4894127888772877,80,SIM_ATTACK
0.41473079539330004,36,2357.605284444226,40.65558528459936,46.1477107326647,5684.66414992995,65.48903567900628,0.8684448937240826,4.1764661889510855,22,SIM_ATTACK
2.373813349820112,10,1741.160838296665,2.1799964785686843,2.032634645423352,733.4868339284595,174.11608382966648,0.9167267264785401,0.794580444866062,443,NORMAL
0.47174068574090283,33,1332.9038757573246,47.05058231022766,22.903104105797944,2825.501204467668,40.391026538100746,0.7197572336398715,1.7086758911260633,3389,SIM_ATTACK
0.660748178805408,36,2129.696124976043,32.32010443512033,22.163587165945877,3223.1585243661243,59.158225693778974,1.5710928699177176,0.6782888345204471,80,SIM_ATTACK
0.46951496172152524,22,1679.857817270812,23.920930708312632,22.93593604484625,3577.857904914125,76.35717351230963,1.4645745479519152,0.7866719441946565,22,SIM_ATTACK
1.8830957509908017,38,2668.3801108954376,10.15155765662217,10.027979140700047,1417.017753606769,70.22052923409046,1.2375083075663518,0.549689051969979,80,SIM_ATTACK
1.2976872321287805,13,1648.9905976684875,7.430605989603382,2.587216239158364,1270.7149741801916,126.84543058988365,0.5450356653950238,1.0081028941234107,22,NORMAL
5.15566545282291,43,13370.429836647923,5.138993384567293,3.201346071798321,2593.347058492156,310.940228759254,0.4140674847016667,1.8022520436599565,80,SIM_ATTACK
1.160335993231965,39,6146.780949640658,23.0723187992096,10.538635465313877,5297.414701856829,157.60976793950405,1.3494953201635043,0.7336322195123754,3389,SIM_ATTACK
0.5891463238312258,36,1001.1401914121192,34.148822099042796,26.956540938600483,1699.3065235503673,27.809449761447755,2.220284451630068,1.61771848875156,443,SIM_ATTACK
0.6269999362618655,9,517.0950821799125,9.783397752151595,4.570670692667457,824.713133565533,57.45500913110139,1.2577731843867628,1.184928399664218,80,NORMAL
0.794994369633696,14,644.556701245503,9.464015111062608,8.146172501273167,810.7688882658261,46.03976437467878,0.8736706615022914,1.0002916566667426,80,NORMAL
1.127165285336597,25,3132.971514737236,14.98368924624896,7.195844070849638,2779.513843705415,125.31886058948943,1.1611893309372092,0.7724627415330083,22,SIM_ATTACK
1.0155787418538702,16,818.059843676181,10.547592610552881,5.2069711082515155,805.5109958119724,51.12874022976131,1.2707160847223846,0.628743848522027,80,NORMAL
1.084779274387251,15,1323.6901444812993,9.373821392088987,4.453876420881221,1220.239154392952,88.24600963208663,0.9382178166744738,1.8480812910009228,443,NORMAL
1.5750715187015598,14,1586.6271996709165,6.461018577963948,2.4274666963689704,1007.3366071522155,113.33051426220833,0.911882324743303,0.9116440830661887,443,NORMAL
0.39852147294953055,55,1187.6298411039888,98.22096064036414,39.7891686330597,2980.089961813406,21.593269838254344,2.2931739858346574,0.8512494261254685,443,SIM_ATTACK
0.5814710832512741,17,623.4998583247327,15.546946483924868,13.68924511642975,1072.2800776926968,36.67646225439604,1.160042099018766,0.8827036961125546,22,NORMAL
0.8124680975606602,13,1218.9032046368895,7.662989623624372,8.337638633695477,1500.2474660808257,93.76178497206843,1.4409341150931176,0.682507047009028,53,NORMAL
2.7531788736198837,28,3132.730806252899,6.402010126520812,3.768051930938446,1137.8595253180845,111.88324308046069,0.7650206503101048,1.7514973558565559,80,SIM_ATTACK
1.5233472219420174,13,1640.6820573654986,4.867919419169573,3.6659196247137613,1077.0243538265022,126.20631210503835,0.6820926123505257,0.6672916053313241,80,NORMAL
1.452744673657065,45,2632.8300190788796,19.206703068922323,11.76914617423429,1812.314350085434,58.50733375730844,1.091439133671599,0.8343789981148042,80,SIM_ATTACK
1.0648670358115673,38,2689.637747732725,22.87047479416297,12.81473164199932,2525.79679648255,70.77994072980856,0.7143483162127999,0.6835145289936172,3389,SIM_ATTACK
0.6269390368380948,40,2412.5300582643868,37.70171098125649,26.10034575736367,3848.109491525275,60.31325145660967,0.8192376183240295,0.47416914966060614,80,SIM_ATTACK
0.5811187687298518,36,804.3841029055696,44.85950038413419,17.089970080715887,1384.199145148431,22.344002858488047,1.0322204178273964,0.5847855183964612,22,SIM_ATTACK
0.9823200998514293,38,3315.7211660092767,27.94536014618608,10.738567837927551,3375.3978631922137,87.25582015813886,0.6579610636096396,0.9404178120395884,443,SIM_ATTACK
1.3603115098624243,30,3355.0744623620794,16.512996934340148,5.540775148374983,2466.4015837823767,111.83581541206931,0.5660281116053919,0.7835479701023194,3389,SIM_ATTACK
0.6527755279955813,10,1786.5286197259197,7.140503734489307,8.178697998924466,2736.8192328098626,178.65286197259198,0.8714422253683798,0.698195521679386,443,NORMAL
1.2112932089268977,10,860.5366938658307,4.817253035426494,3.4383864136373257,710.4280677245707,86.05366938658307,1.8989207523032217,1.2884861027707648,53,NORMAL
0.8951463470072336,12,816.1340455508168,8.272079162630996,5.133550028751973,911.7325320931257,68.01117046256807,0.8587262555788026,1.2823917794794877,443,NORMAL
1.4750159274886503,17,4243.823281170898,6.099851069282281,5.425448205922195,2877.1372580338134,249.6366635982881,0.9582334444539112,0.5525418953180037,53,NORMAL
0.573755202300096,11,485.58590508122796,12.338212606733059,6.833726847415154,846.3294156368239,44.14417318920254,3.5325080758506755,1.1038005889346718,443,NORMAL
0.4934257230634438,7,376.8132005310594,10.027714223154426,4.158818162186888,763.6675246511408,53.83045721872277,0.7658210088554034,0.8658834565356301,443,NORMAL
1.0355780678834487,12,1166.25354330277,5.538980268454271,6.048750654165621,1126.1860206120436,97.18779527523083,0.7234339709610291,1.0446397596298875,443,NORMAL
0.9202785150765044,16,516.6137745963307,12.962837049979681,4.423203955954149,561.3667668351289,32.28836091227067,1.0996586732749927,2.15474994936632,443,NORMAL
0.4665436500856887,48,927.2665837708322,50.7825291813554,52.10173468373843,1987.5237474575506,19.318053828559005,1.201317264240058,1.2510830284067433,22,SIM_ATTACK
1.2439338387865408,35,9058.817718621858,17.472332431975495,10.664212220706794,7282.395121157527,258.82336338919595,0.7398919999582964,1.205090210975094,3389,SIM_ATTACK
1.169941919037032,11,3451.056309383578,6.500782832516988,2.9013933105978733,2949.7672091483905,313.73239176214344,0.8177862725990466,1.0040594832883731,443,NORMAL
1.8439887883880421,38,2142.0544097178326,11.930366655654375,8.677133910126408,1161.641775268249,56.36985288731139,1.2094103071277147,1.5657543667572478,3389,SIM_ATTACK
0.32956650397424087,38,1143.4589356083986,55.135747819743855,60.16723213045796,3469.584808587744,30.091024621273647,0.6647185814667321,1.1535754443948751,22,SIM_ATTACK
0.4196434150363567,45,1167.37142735612,77.53287593498142,29.701024056279792,2781.8175754169342,25.941587274580442,1.899199848381835,1.2466497239758407,80,SIM_ATTACK
0.9990405339939674,19,1091.7784454239986,13.788076393953476,5.230170967884527,1092.8269757577136,57.462023443368345,1.5410476147708487,0.8829519574628782,443,NORMAL
1.5645410011682266,12,1381.852115780889,3.7645931415044354,3.9053880165730606,883.2316409407453,115.15434298174075,1.4124169897235996,0.7623604962093917,443,NORMAL
0.3250961553907345,10,348.16979604664675,15.10133174211468,15.658798250751449,1070.9748185984542,34.816979604664674,1.703010272809818,1.149104644150163,443,NORMAL
0.6612071637729257,39,1299.8578587400098,35.18023054021434,23.80279646974941,1965.8859279788628,33.32968868564127,1.319104452904111,1.6335982471379118,3389,SIM_ATTACK
0.7464422190577256,10,856.7542380081043,9.547041334798369,3.8498429044446123,1147.7837348075402,85.67542380081042,0.5734807867612856,0.8203660822996899,443,NORMAL
1.029565805665546,14,2893.980750635357,8.27226905645377,5.325696146897103,2810.8749675933445,206.71291075966835,0.9554755530757331,2.057349465804035,443,NORMAL
0.674837817363307,14,562.7168083072681,12.03510991929027,8.710615408759821,833.8548816156858,40.19405773623344,0.7335822824169985,0.5918064017513679,80,NORMAL
0.6099781056522093,40,3133.109160959864,33.160470517674625,32.415653656865445,5136.428884787327,78.3277290239966,0.6429445600009716,1.614593659937317,22,SIM_ATTACK
0.6176587106650528,8,1553.138752296319,6.327292930958026,6.624843680838713,2514.5581621021825,194.14234403703986,0.6744313655367095,1.3348050623668541,80,NORMAL
1.4008715956265454,31,5608.502610796691,11.792679348746837,10.336400930117069,4003.580790920574,180.9194390579578,0.6990094505595447,0.6774291192818213,3389,SIM_ATTACK
0.6933272699170671,35,1477.852971669444,34.123015362559464,16.358195342143603,2131.5373500976225,42.22437061912697,0.6317995895665448,0.6473284562344042,80,SIM_ATTACK
1.0108004208719152,42,4651.982417345081,20.85064303963039,20.700586196869978,4602.275900649394,110.76148612726382,1.8872724015604758,0.5799147356799365,80,SIM_ATTACK
1.304126000394855,44,3257.367957503091,18.476944710925444,15.262126503572205,2497.7402156822623,74.03108994325207,0.3981231557488124,2.872935880634034,80,SIM_ATTACK
1.5347952603800856,12,1641.6267872617138,3.8808127071535847,3.937819725310567,1069.6063700738637,136.8022322718095,0.9592906315998309,2.4786226982597754,80,NORMAL
1.2725635608248473,7,994.8750024804402,4.031080098914182,1.4696274613924762,781.7880639577519,142.1250003543486,0.7728618286789833,1.1163090933572433,443,NORMAL
5.821491902856704,37,23281.849396961392,3.7390728050051716,2.6166862714342334,3999.292584352234,629.2391728908484,0.9949606604523481,1.363138582602798,80,SIM_ATTACK
1.1447332261993568,10,2058.64734371624,4.1828360415585815,4.55282373587369,1798.3642796419745,205.864734371624,1.0560662105047953,1.5181277178453212,53,NORMAL
0.6899776680919533,7,489.72640032514505,7.483520346861204,2.661735541430981,709.7713780786877,69.96091433216358,0.9281655982914392,0.36810102058850946,443,NORMAL
1.5637810899385667,5,4132.832541176177,1.9840731781616994,1.2133052990242768,2642.8459633941065,826.5665082352355,0.8207947482015899,1.3304845392792635,80,NORMAL
1.0822687610882256,15,1207.2562960898242,6.330529934255486,7.5292436629399475,1115.4865958395799,80.48375307265495,0.723444302810209,0.6653635925220176,443,NORMAL
1.2828024704028012,36,7204.222223822829,15.937443524098947,12.126113282660215,5616.002767410244,200.11728399507857,1.0940607149599988,0.2602490769340473,3389,SIM_ATTACK
0.8681438306165659,13,283.241799339088,8.231970995118779,6.742506207313506,326.2613743830056,21.787830718391383,0.5668226685347755,1.2866340085199954,443,NORMAL
1.2366662323368924,43,2212.014917870346,24.172799101715924,10.598102598045166,1788.691936457556,51.44220739233363,0.7871953357862708,1.037461856849655,3389,SIM_ATTACK
0.1619941592686723,38,652.5113666640574,161.33320679554612,73.24315183091417,4027.9931672218327,17.1713517543173,2.0463756289667336,1.3387328772148235,22,SIM_ATTACK
0.6624437682631759,44,911.7504279355339,40.82022150680746,25.600510497904622,1376.343882479265,20.721600634898497,0.7575922293040946,0.7476493707633869,22,SIM_ATTACK
0.5930355519923727,34,1597.5975308719069,39.428925244196016,17.903219322471195,2693.932135273493,46.98816267270314,0.9738323842920559,1.2811816513859036,22,SIM_ATTACK
2.006873086595832,26,5758.052030282026,9.264605510301593,3.690872428815437,2869.1660019464157,221.46353962623178,0.5798445285394443,0.9969854597275147,80,SIM_ATTACK
0.27045373214680846,37,526.0955758654493,100.00092644178795,36.80620765209676,1945.233189016865,14.218799347714846,1.0291293891757547,1.1657012369138027,80,SIM_ATTACK
2.6015098610415404,39,9731.88684920197,6.79608310411814,8.195211214630266,3740.861026490867,249.53556023594794,0.9972171667495742,2.2249032280561813,443,SIM_ATTACK
0.6587148578515549,31,1780.1489783187,33.85677463688361,13.204559460101379,2702.4576068084784,57.42416059092581,1.1341328314613621,2.4288599454121673,22,SIM_ATTACK
0.6019559686655235,28,901.1488871417283,23.0771781917064,23.437851906048454,1497.0345574269923,32.183888826490296,0.647121422221262,1.5581158990499109,443,SIM_ATTACK
1.1554135520194857,15,1236.9941628569793,8.275338322694154,4.707026280682966,1070.6072822972374,82.46627752379862,0.76939747957073,0.4005692667309902,80,NORMAL
0.8566950398515945,8,1098.715715000064,6.292852778149281,3.0453593368477234,1282.505050093899,137.339464375008,0.8714863841706721,0.4425535635079178,443,NORMAL
1.2054455251303777,40,1938.3724972799785,21.678699012574803,11.504053062160146,1608.0133501431592,48.459312431999464,1.5026526458804566,0.5088978175049337,80,SIM_ATTACK
0.7304948908487793,7,869.6076255176214,6.53432404457572,3.0482207311536973,1190.4362869769066,124.22966078823163,2.1457975077279103,1.899518984676914,53,NORMAL
0.6325310268541114,32,2114.8669530285338,33.277735876365334,17.312667821539847,3343.4991537835062,66.08959228214168,0.9195125976587682,0.6535105554014823,80,SIM_ATTACK
1.1458937241370024,14,1574.2760388834008,7.841485793974397,4.37605210252094,1373.8412260430368,112.44828849167149,0.6465701273856004,0.7354554403959153,80,NORMAL
0.9807181938887363,48,4662.561227887375,35.54739972013659,13.396323664529874,4754.231395870635,97.13669224765364,2.045085866907747,1.4757374986229275,22,SIM_ATTACK
2.111652160648098,9,2186.8264594625175,3.137704786610114,1.1243607977320362,1035.599754644888,242.9807177180575,1.2464902034972147,0.9892451485516386,443,NORMAL
0.8948391043452907,20,865.8177669498132,11.224280773655114,11.1261059080188,967.5680943595877,43.29088834749066,1.8565287305355629,0.7391769454478674,443,NORMAL
0.8293383925379283,36,1214.1437326835337,27.83570132632408,15.57239399871371,1463.9907468506674,33.72621479676482,1.830056230798919,0.9694404922114448,22,SIM_ATTACK
2.2789094082189596,13,3281.9181791273495,3.299325318853739,2.4051576909206225,1440.1266532539673,252.45524454825767,1.1645284907933589,1.1990114728710963,443,NORMAL
0.4208336894275485,32,1505.656493519769,53.13477209411679,22.904767524322374,3577.7945809611456,47.05176542249278,2.289525546133151,0.4560278501173129,443,SIM_ATTACK
0.34703583811940525,7,215.22940389115823,13.628058082932906,6.542769339194884,620.1935945794274,30.74705769873689,0.4335170835267989,1.6816819762974322,80,NORMAL
1.1903627930984446,32,1886.7284755869173,18.769405400146756,8.113155265838003,1585.0028970376952,58.960264862091165,0.6573337025652867,0.6291362216945462,22,SIM_ATTACK
0.22712280447158945,10,410.01362212718084,20.396170509845867,23.63287370376981,1805.2507896822356,41.001362212718085,1.7876486512874967,1.6815623623497638,53,NORMAL
0.7393713409647724,32,1433.9263667547048,21.097450821235956,22.182560489784887,1939.3859178848327,44.810198961084524,1.9872551479331304,0.37005019659062544,22,SIM_ATTACK
1.3437351496327528,19,1988.3850496527743,7.56995118988375,6.569739957730245,1479.744762348597,104.65184471856708,1.6309933317104475,0.9678043880782616,80,NORMAL
1.2458503427618672,17,1724.1061400468925,8.702329961709486,4.9429686881375705,1383.8790108808755,101.4180082380525,1.0240681626000023,0.5376004783597038,443,NORMAL
0.5542424870989567,38,1343.156384495052,37.65917818503951,30.902869807530436,2423.4092761914862,35.34622064460663,0.7293619990498681,1.782840316259499,22,SIM_ATTACK
0.8556677117510899,10,1072.9817823248704,6.938505789580186,4.74827385942094,1253.9701657423252,107.29817823248705,0.9024411201160355,1.6736989274416967,443,NORMAL
1.8350925468110961,15,1939.234059249274,4.194730587776362,3.9792440850901487,1056.7500056709118,129.28227061661826,1.8530972943942574,1.1400764269041228,80,NORMAL
2.5192934772510607,31,6143.79929501632,7.5825947248390015,4.72244249290738,2438.699322049671,198.18707403278452,1.0075347751252182,1.2493477085564832,443,SIM_ATTACK
0.8439776701182797,5,885.1219899024056,3.82542135322529,2.0989060040367478,1048.750483858607,177.02439798048113,0.6250648297598759,0.48380465578393367,443,NORMAL
0.5660833919429227,37,1523.4967590274007,40.13407717416686,25.227317501285214,2691.293863609785,41.17558808182164,0.6179124118833109,0.6598508136968835,3389,SIM_ATTACK
0.37614790918796265,40,1198.0826337096842,50.802814092786676,55.538332628865945,3185.1370283996375,29.952065842742105,1.0981577075408626,1.5750833533238269,22,SIM_ATTACK
0.8149318177050074,39,4692.748171445855,24.36538506091292,23.49137933666689,5758.454964565583,120.32687619091936,0.4378509125537578,0.9980685489855017,3389,SIM_ATTACK
2.30238100161479,16,1869.0306343187287,4.963493919801433,1.9858337495887746,811.7816438755669,116.81441464492055,2.0033607025018174,1.3058661945529264,53,NORMAL
0.7965290006641453,14,629.793525465144,11.315657349779213,6.260601629274669,790.672436207624,44.985251818938856,0.7991660036360686,1.5681792994785289,80,NORMAL
0.777676337462933,43,2159.550955544288,26.78269383571156,28.51023193374397,2776.9276902387696,50.222115245216,1.0625299291396675,0.9381580066412175,443,SIM_ATTACK
0.6621649348051055,12,315.45998843347866,13.08243162671811,5.039941469845742,476.4069672857681,26.288332369456555,0.9966592368184432,1.2556453027658432,443,NORMAL
0.9939758927421793,9,1313.1564190215302,5.499642659527961,3.554902894057662,1321.1149572237573,145.90626878017002,1.693375191560139,0.8496930811484913,80,NORMAL
1.3947184326218869,20,1536.0832067505494,10.735612811988217,3.6041991043156614,1101.35721362979,76.80416033752746,0.9729023188426342,1.9135901869456224,80,NORMAL
0.6009163031940279,35,1465.4815341450796,34.088343700221046,24.156040441074197,2438.7448407634483,41.870900975573704,1.6807040089977712,1.7757373960168275,443,SIM_ATTACK
0.49787378731359355,32,6239.674224679249,38.71945369492575,25.55386379114688,12532.642576639797,194.98981952122654,1.008272028534814,0.6056678121126036,22,SIM_ATTACK
0.37557551597848493,14,368.5607828412689,24.494118775897547,12.782006542138355,981.322709178897,26.32577020294778,1.5044358932684148,1.3155595984901483,80,NORMAL
1.0303186842688448,35,3218.9544353150263,15.685914412941106,18.284157696192192,3124.2318366761688,91.97012672328647,0.9143130921583149,1.6885586526401084,22,SIM_ATTACK
0.9494921002066903,42,8272.162123068625,27.873584624350535,16.360590668795375,8712.196890598561,196.95624102544346,1.0066854064292736,1.0720971582647223,3389,SIM_ATTACK
0.608313401186874,37,2740.6787848570666,43.058114003955346,17.76579671017602,4505.373019088115,74.07239959073154,0.6588468690989935,0.9181711818352173,80,SIM_ATTACK
0.6090217375089337,32,917.5278306590358,33.24532273867705,19.297957786725533,1506.560068630681,28.672744708094868,0.5407125773694885,1.285023297403125,80,SIM_ATTACK
0.7120500216246461,29,3401.958953207033,18.873757850051508,21.853717916092368,4777.696580143298,117.30892942093217,1.5029286211740682,1.568436311802146,80,SIM_ATTACK
0.6320174646127449,29,915.542326564871,25.151039860998505,20.733768113048743,1448.6028912600539,31.57042505396107,0.7752633036069149,0.5472963371572369,80,SIM_ATTACK
0.47353454367326375,18,358.3067373693652,24.072424981785044,13.93958542060685,756.6644126739671,19.90592985385362,1.7274125680207237,0.44662850679721944,443,NORMAL
1.7818568915530977,5,714.1118077922322,2.0404070251720223,0.7656544625392114,400.7683283531259,142.82236155844643,0.9951232441624045,0.5456498462760154,443,NORMAL
0.3304707393792082,39,2361.0863832409414,74.28271221535348,43.730761755933045,7144.61554955292,60.54067649335747,2.1102146451880524,0.8226615642592556,22,SIM_ATTACK
1.2292033858653202,12,1391.207409582482,4.68109787762255,5.081322351599631,1131.7959465293175,115.93395079854015,1.0024964903115097,1.1637294639492666,443,NORMAL
1.0326458582878373,31,1840.62589340527,16.74105601508124,13.278916225352742,1782.4367169371035,59.37502881952484,2.6376263931575257,0.6578244306416406,22,SIM_ATTACK
1.0702127007487585,39,2525.083068726788,26.793911049713934,9.647443059347026,2359.421699032492,64.74571971094328,1.5723376578725614,0.829321635499372,443,SIM_ATTACK
0.652200712529776,35,1114.4834196625898,24.666952732896704,28.997508724437395,1708.8043576948844,31.842383418931135,1.875896369112009,0.26523032754056963,80,SIM_ATTACK
0.8370686792594323,12,1059.3518037597607,7.581803998781412,6.753937257977336,1265.5494465483835,88.27931697998007,1.4591724667813906,0.5259519589948475,443,NORMAL
0.979825030986133,13,911.0641207409197,6.9752860896380104,6.292388840973129,929.8232765333523,70.0818554416092,1.2183989833545104,0.7721605064387442,80,NORMAL
0.7402045973173321,37,1364.422366742519,28.13795796981786,21.848221708201322,1843.304367045939,36.876280182230246,1.0984902812550872,0.8871359080810298,22,SIM_ATTACK
0.7661379575824991,37,1275.6218284600748,28.8604881668233,19.43368605311903,1665.0027789841147,34.47626563405608,0.6599957764021461,1.7878769725790293,22,SIM_ATTACK
0.26288702774408396,42,776.9464628384317,91.62632851844468,68.13811615733555,2955.4385756712795,18.498725305676945,0.7747027204215895,1.3610245872267634,443,SIM_ATTACK
0.6657507298647695,39,1625.5840912306278,40.98868384740228,17.59180018439423,2441.730843555852,41.68164336488789,0.8136401564812041,1.484894525542314,80,SIM_ATTACK
1.3202103029503511,14,1755.0056281553477,5.636315761145102,4.9680553520884345,1329.3379276266319,125.35754486823912,0.6432129903733547,1.1855049276932275,53,NORMAL
1.201133511205893,12,1273.6251347344737,6.077708247393277,3.9128547400238762,1060.352677576868,106.13542789453948,0.8377931253004847,0.5093712911647869,443,NORMAL
0.5592188442349505,10,1167.885714232793,9.865718729919104,8.016368226003637,2088.423389649074,116.7885714232793,1.3310654343951684,0.40728936945702376,443,NORMAL
0.7487755346406874,28,2310.8613049798255,23.79112452498916,13.603259645744028,3086.18697870348,82.53076089213663,1.9359940933172342,2.130114306147773,22,SIM_ATTACK
1.6730804869173377,46,5101.77379444192,13.762518465304703,13.731675842558703,3049.3295656337327,110.90812596612868,0.7581379345943332,0.6470990393858994,443,SIM_ATTACK
0.6578806796341219,9,393.78548388694884,8.850124975735794,4.830167330469823,598.5667250571203,43.75394265410543,1.2873376350193524,0.635397143231263,443,NORMAL
1.0057420686742684,16,1765.1743483651928,9.520830645685404,6.387820785282978,1755.0964639392878,110.32339677282455,0.5181764418909725,4.546999062306217,80,NORMAL
1.0927506584445605,19,2257.897884198715,11.616729394270207,5.77058568366799,2066.2516803354247,118.83673074730079,1.0337662035798096,2.7456917286398523,443,NORMAL
0.6945147221086548,4,859.0706882152165,3.5619003617567753,2.1975167861697322,1236.936613246936,214.76767205380412,0.8152691814711234,1.3349936461853695,443,NORMAL
1.3157007447422067,13,1678.542473084066,6.430772930578998,3.4498933622315064,1275.7783103732704,129.11865177569737,1.047012406302368,0.8947311032049213,443,NORMAL
0.8931282007002667,35,2585.843421526017,26.101833821692324,13.086269266484578,2895.2656735041614,73.88124061502906,0.8397050904241787,1.4999573240895432,3389,SIM_ATTACK
0.9826647121339326,32,2215.0680073565854,16.18507720830844,16.37943803770006,2254.144246765912,69.2208752298933,0.9159369030188308,0.9081140711592846,3389,SIM_ATTACK
0.3289132188095216,49,457.0415041313227,110.06143523179213,38.91403062923976,1389.550428485521,9.327377635333116,1.0588707296127904,0.473108158159929,443,SIM_ATTACK
0.1451421092035874,29,423.56176552266857,113.89261808678121,85.9115611354071,2918.25554862613,14.60557812147133,0.7783407751587199,0.827614756647509,3389,SIM_ATTACK
0.19460966636071567,35,1212.2964114371725,100.09645963396666,79.75072192959608,6229.374080474193,34.63704032677636,1.8751039890210506,0.7921574358957799,3389,SIM_ATTACK
0.8595648856462579,30,3015.6762717873316,20.423961709213206,14.477417466420182,3508.37536775367,100.52254239291105,2.230542959134348,4.053666276229273,22,SIM_ATTACK
1.1674361749792679,14,1137.6726074596618,5.441537633320648,6.550552641120797,974.505186529675,81.26232910426155,1.9373223991570558,1.505121705996601,80,NORMAL
0.7306890968745485,33,3636.9420707877443,26.371363234519475,18.791483920521276,4977.413904688615,110.2103657814468,0.7701979696122084,0.6803547437508951,443,SIM_ATTACK
0.48235035224868295,46,461.2798087925654,60.46096752583017,34.905397991581154,956.3169315459434,10.027821930273161,0.9707272294427318,0.8064411224018072,80,SIM_ATTACK
1.522196060365095,19,1040.6248352727898,8.086780247751728,4.395186099896614,683.6339039158979,54.769728172252094,1.1647807299390838,1.7602175528381843,53,NORMAL
0.4970498762878588,26,1005.1595178887501,35.74027518168689,16.56835870064507,2022.2508159455358,38.65998145725962,1.0299657247516765,0.49271854592276676,80,SIM_ATTACK
1.315496236250289,13,2733.1949723173175,5.8765290744598895,4.005673277601111,2077.6912141596536,210.24576710133212,0.6245137082612698,1.9508247082895371,443,NORMAL
1.056832567343123,39,1685.8812795175365,27.638801064314677,9.26392241821955,1595.220786728632,43.22772511583427,1.2870259351312596,2.6432583536214134,22,SIM_ATTACK
1.4917356101153376,37,4399.604145500898,16.062657371743313,8.740665515439922,2949.3189782878017,118.90822014867292,0.862801457885313,1.0421328123028684,443,SIM_ATTACK
0.6593384063093947,21,719.1487167481372,22.174706212422034,9.67540262250263,1090.7126141392657,34.245176988006534,0.8091056597998396,0.6535651450166383,443,NORMAL
0.23100932809167915,13,262.0197800874634,37.182712085200215,19.09207174015586,1134.2389601837954,20.155367699035647,1.4261529451705297,1.3614741388648943,443,NORMAL
0.39100824902317793,47,1009.4458952715642,65.11037471381508,55.091692934159184,2581.6485912851595,21.477572239820514,0.9663428569103756,0.9230903253817674,3389,SIM_ATTACK
0.6888519671223793,39,896.3151751912525,39.620091305395015,16.995846314583332,1301.1724114478952,22.982440389519294,0.9479599720539537,1.0776178615352103,3389,SIM_ATTACK
1.0458194118145423,27,8008.949125305759,14.242459816083676,11.574616913400453,7658.061262613095,296.62774538169475,0.6707804878509681,0.9421802759048121,3389,SIM_ATTACK
0.9191485163838674,25,2720.8760792411786,16.556171329195628,10.642915167027532,2960.2137529914144,108.83504316964714,0.44431540920234025,0.7648476022850065,3389,SIM_ATTACK
0.5788789278177006,11,753.7786909323307,11.020093629515895,7.98215273220363,1302.1353079373262,68.52533553930279,0.4270102700273389,1.0623365669896727,80,NORMAL
0.2421848772085219,35,1070.9446088434493,92.60301847902146,51.91467562070095,4422.012725102413,30.59841739552712,0.8523009705772946,1.2008109972054715,22,SIM_ATTACK
0.8345052301100143,8,988.1920932790965,6.880166523341677,2.706352184210756,1184.1652486094322,123.52401165988707,0.5373480860728391,1.0725639719601956,22,NORMAL
1.1492066827373104,9,1459.5834821056467,3.71247185622718,4.119017583568612,1270.079180734527,162.17594245618295,2.1243410455696004,1.3710125454998827,22,NORMAL
1.408991947194602,14,2750.3260658899985,5.093551505447235,4.842630193727799,1951.9813944757339,196.45186184928562,0.8777889874593782,1.1152711308409526,80,NORMAL
1.0352993040472018,11,654.4230665399008,6.732228461788364,3.892718311573403,632.1100226587847,59.49300604908189,1.2868611017369587,2.5891821014992984,80,NORMAL
1.2658821884210427,21,745.113894067736,9.606286609615495,6.9829348772542055,588.6123534111257,35.48161400322552,0.4525065206758361,0.8860383855718383,80,NORMAL
1.4123326187741578,18,1738.4604498449694,7.315401030185559,5.429472068917117,1230.914323393505,96.5811361024983,0.9374351555086653,0.5512828993492397,80,NORMAL
1.3558879676398665,31,3911.627660784173,10.52825906459459,12.334986822866387,2884.919517054914,126.18153744465073,0.5759578811009362,0.9685645599389725,22,SIM_ATTACK
0.8424903461203007,12,1008.8116538152608,7.816228691710783,6.427257960997399,1197.4162771845113,84.0676378179384,1.9154539917432944,0.9045201016472648,53,NORMAL
1.0715655564801978,9,1297.0554260177485,5.7962090582720185,2.6027171162147384,1210.430307482282,144.1172695575276,0.8288718644374754,1.066956114355023,443,NORMAL
2.2023954924823794,13,2229.348631122943,4.119344323017861,1.783319410346099,1012.2381010733835,171.48835624022638,0.8638797212788693,0.7622579692764815,80,NORMAL
0.3587660129360796,40,3404.9602439174705,61.25554471041817,50.23773658634361,9490.754756984528,85.12400609793676,1.9918833138506387,1.6087951741612385,443,SIM_ATTACK
1.202766790535384,34,6945.298042176306,15.553077366594636,12.715079243271255,5774.4344928951405,204.2734718287149,1.9233955872822392,0.7346619672539708,443,SIM_ATTACK
0.8933649119675902,30,1888.0496960567843,19.108304905152423,14.472597588461916,2113.413758212702,62.93498986855948,0.895079809293457,0.6918158001803029,443,SIM_ATTACK
0.31477164255538514,36,752.873523095648,67.84673094170752,46.52189422332995,2391.8086044335373,20.913153419323557,1.2403451021697371,2.9042902731531086,3389,SIM_ATTACK
0.8091238339595103,21,1166.0424146112916,16.045246486339423,9.90875353024008,1441.1173737216127,55.525829267204365,0.5974587071099411,0.5426267337582079,80,NORMAL
0.8458252381611768,9,1692.4428558436473,6.00905461808283,4.631441307016296,2000.9368123408285,188.0492062048497,1.2056871899019552,0.37432145287081964,443,NORMAL
0.6680379582367771,41,3046.925565563194,35.82815553491392,25.5456024895786,4561.006643402817,74.31525769666327,0.6747535810031331,0.8314350079404627,80,SIM_ATTACK
1.4364019468380151,13,2958.1105071877905,4.393402764239157,4.656988756474945,2059.3890962759747,227.5469620913685,0.5465882775389744,1.304645599874977,80,NORMAL
0.3995105500606604,39,1364.4428871714497,62.77522320858367,34.84422637560971,3415.286247044733,34.9857150556782,1.7477512508713924,0.693006437044488,80,SIM_ATTACK
0.4456015220787331,46,3712.7498134091093,49.433604702662734,53.79764052605594,8331.995357845984,80.71195246541542,1.7097632829017195,0.936138682506771,443,SIM_ATTACK
1.814067345730691,12,2073.0129806818504,4.208834564644312,2.406134845527448,1142.743121174952,172.75108172348754,0.8067487616597695,1.3624232485094436,80,NORMAL
0.9446188852862913,13,798.1353803806841,8.87871542582577,4.883448556381733,844.928460369272,61.395029260052624,0.8155132329283172,0.7688604104109983,53,NORMAL
2.24937079379175,39,10504.860333255141,11.5082676507139,5.829914256706505,4670.132804359554,269.35539316038825,1.311976510373504,0.4053116630026065,22,SIM_ATTACK
0.6368561026762786,8,674.0857619696793,8.52895620644492,4.03275116572498,1058.4585107011608,84.26072024620991,1.0962545514481312,0.9334943061021462,443,NORMAL
0.6307395773500395,35,4239.214105705563,28.791535816163783,26.69887775047398,6721.021254946461,121.12040302015895,1.3955749282257495,2.3083555314919724,80,SIM_ATTACK
0.6057872234401176,37,2789.714549590505,32.25925292797127,28.818298014562714,4605.106284263306,75.39769052947311,0.6310559105087864,1.3600713530082722,443,SIM_ATTACK
0.8136960089554429,10,1048.4731655712021,7.288950033568607,5.000651844701867,1288.5317784920037,104.84731655712021,0.44675364825994174,1.5571925404011455,53,NORMAL
0.25359957909580244,26,740.0879504759456,59.156480780716535,43.36734868580622,2918.3327240316994,28.464921172151755,1.1612550943118134,0.890818714900652,80,SIM_ATTACK
0.4448865392977812,18,481.62161438279077,23.871739772586697,16.588014367000444,1082.571783679931,26.75675635459949,1.0332920872622648,0.42539235335681747,22,NORMAL
0.9141509146681617,12,1225.3770178122916,6.787276516721603,6.339658880324977,1340.4537458206291,102.11475148435763,0.703325806320935,0.6801540679194499,443,NORMAL
0.3904719223863135,14,230.8407293088109,16.243031939019634,19.611018499334538,591.1839394188977,16.48862352205792,0.8262401029164524,2.0855061958893373,443,NORMAL
1.7127839347647293,6,2446.4322715157696,2.3890579140555688,1.114010907537605,1428.336769081043,407.73871191929493,2.425776350208352,1.5223463890854436,53,NORMAL
1.1908594951887768,4,1074.5241249942223,1.8732817831031578,1.4856367258901422,902.3097429507309,268.6310312485556,0.9188207649814621,0.49105655014474203,22,NORMAL
1.8679333018508426,12,2193.048937939249,3.460042507961665,2.9641697420741333,1174.0509876697768,182.75407816160407,1.7543062429346163,0.8141656435742183,80,NORMAL
0.8138777550964926,48,3323.357814372077,38.324876263577146,20.652039740607243,4083.3623889598293,69.23662113275161,0.3193570856347582,1.567063762676533,443,SIM_ATTACK
0.3993561363831094,30,591.5020843948636,55.21475910851867,19.906159958117307,1481.139340319101,19.716736146495453,0.8102109023317258,0.761405263883622,80,SIM_ATTACK
0.5654799386002923,19,622.9900504311834,23.97037618675738,9.629401105130047,1101.701418397341,32.78895002269386,0.6465990841806013,0.6919777567777706,80,NORMAL
0.7123882508320805,4,1338.5608469242231,3.9496385098587248,1.6652772265082612,1878.976590869885,334.6402117310558,1.9126401215564148,1.8213742863453128,80,NORMAL
1.3814605077153044,38,4092.191180507847,16.69720344103112,10.809916587210147,2962.2208942299917,107.68924159231176,0.9734389124720011,0.5687454820053118,443,SIM_ATTACK
1.0146614126926436,14,902.384696986611,8.15214753434336,5.645558601783069,889.345633625625,64.45604978475792,0.8546251104561999,1.1708816108181537,22,NORMAL
1.4410475923419819,28,7170.013696902037,12.232175391104995,7.198133606875125,4975.55648751987,256.0719177465013,0.7444860123234937,1.9296405992896268,22,SIM_ATTACK
1.428907359923361,16,2030.9119437079191,7.367076154628259,3.8302907627470946,1421.3041381610956,126.93199648174495,4.402772027333032,1.2838544192032841,22,NORMAL
1.036722976128726,13,1570.7701240693834,7.5566642401509405,4.982847567086019,1515.130039786392,120.82847108226026,0.865245708005336,2.6854600528009556,53,NORMAL
1.9422421752449324,19,1561.1761453544073,4.781448639807391,5.001059557247873,803.8009704724543,82.1671655449688,0.9598922862328845,1.5260246034004834,80,NORMAL
0.57778455934323,42,920.1790717103089,49.778977559253406,22.91247692984122,1592.59893126303,21.909025516912116,0.9845479277234949,0.750807754811654,3389,SIM_ATTACK
1.0174565524139196,16,1126.4713498655399,9.077820315615847,6.647666892697803,1107.1444251776475,70.40445936659624,0.9120735067693846,3.0947284334733562,443,NORMAL
0.7273789819920126,22,1371.5829045978264,14.805303466362048,15.440277647008074,1885.6509997602432,62.34467748171938,0.8384590004729034,1.9903358434489702,443,NORMAL
0.6978063027652978,38,2496.0729087213826,29.78173916859262,24.674633394125596,3577.0283226589304,65.6861291768785,1.1755599530359258,0.7774835092800009,22,SIM_ATTACK
1.2501525551844292,12,672.758857189402,4.571796023902347,5.027032495253617,538.1414087420338,56.06323809911683,0.6146115277475671,0.8002686105745921,443,NORMAL
0.7021331188263072,17,490.10422561319893,14.568241780509856,9.643691176615667,698.0218030912173,28.829660330188172,1.3621851422599567,1.2820381805726284,443,NORMAL
1.5526017921935948,41,2280.5413359392496,16.764123074417107,9.643163202170989,1468.8514127741569,55.62295941315243,0.8691177121855086,1.0065264505903515,443,SIM_ATTACK
0.8427589576661831,38,1886.6515566063997,33.54175118130983,11.548247156093552,2238.660935543212,49.648725173852625,0.4782698839482349,0.4941608205231074,80,SIM_ATTACK
2.7853619399828355,15,1376.550000305832,3.7365372025872006,1.6487593309370698,494.208662991322,91.7700000203888,0.7668614572627196,0.8446021149768377,443,NORMAL
0.3695733681943378,9,234.50684286205438,15.5091304373959,8.843273644024297,634.5339330260953,26.056315873561598,1.0573934743324058,2.280590531199615,53,NORMAL
0.9743428023485539,37,3886.4032067443263,23.785806350285192,14.188508142330015,3988.7431788653316,105.03792450660342,0.8276298035340977,1.5237884311822067,443,SIM_ATTACK
0.1726679406947272,36,512.9442258126527,154.6062150983052,53.88645502421127,2970.6975351001947,14.24845071701813,0.42439444836040385,1.483875322822465,80,SIM_ATTACK
1.4753510592064827,14,1772.8418229527704,4.546913113889518,4.942353805083583,1201.6406616512636,126.63155878234075,2.028157506475114,2.3485587770664416,443,NORMAL
1.4623818970188378,9,1782.254748084711,3.67711464571646,2.4772284970337997,1218.7341430565814,198.02830534274568,0.8609313468606604,1.3783780331875355,443,NORMAL
0.5739486525181557,11,364.37512876983857,14.195822436896616,4.969655087509693,634.8566673537268,33.125011706348964,1.6345342413532058,0.4999102431672651,443,NORMAL
1.1309074894675641,30,2784.4137823017163,12.642900507701137,13.884468246505383,2462.105705580418,92.81379274339055,0.6097441832713982,0.8755946301042136,443,SIM_ATTACK
0.7823567856022339,36,762.1291173355934,31.00430972320512,15.010501757324601,974.1452127227734,21.17025325932204,2.0469396746537694,0.8550052077912375,3389,SIM_ATTACK
0.21925973851918432,42,1039.9863378153423,93.79933202532125,97.75430332814413,4743.170564915856,24.761579471793862,1.0909271903026274,0.6264329302583421,3389,SIM_ATTACK
1.170040790567564,12,895.4596868298364,6.786649712802046,3.4694029793259213,765.3234776502675,74.62164056915303,1.0832254514951882,1.3847097631851284,80,NORMAL
0.6123800032240647,43,9114.31540452713,50.17415648704203,20.043681740223953,14883.430805287542,211.96082336109603,1.3493168397145034,1.162414347056895,3389,SIM_ATTACK
0.41585385235784683,30,3194.745518540417,37.17975129539651,34.96097754456304,7682.375672190005,106.49151728468057,0.3423436437834564,0.7126317071033846,22,SIM_ATTACK
0.8086517988599403,12,715.2928963832372,8.73819373724032,6.101320645733827,884.5499353265237,59.60774136526977,0.6018814273744807,0.919962709694487,53,NORMAL
0.7828023108365345,7,459.1579706175338,4.685770404390709,4.256461757033948,586.5567388615126,65.59399580250484,0.6741831465034753,2.1407996155999887,443,NORMAL
0.552958744559929,13,496.0792776056536,16.11841125307724,7.391480086729711,897.1361471106804,38.159944431204124,0.5049659304727515,1.340078209349326,443,NORMAL
1.6899007599229583,19,1322.2250278476624,5.927352302573928,5.315911473972454,782.4276189496134,69.59079093935065,0.7128026558731343,0.9066393671498897,22,NORMAL
1.4126419805977573,32,4432.916151482914,15.459925167229022,7.192665113614288,3138.0322915273496,138.52862973384106,1.3886495058975836,2.619148504263764,3389,SIM_ATTACK
0.8285500482972453,14,641.1571344168048,10.986906242010063,5.910081488268181,773.830302387222,45.79693817262891,2.0149665001885486,1.2100703347527058,443,NORMAL
0.5442861961018693,21,1775.4718202224497,27.444827783801273,11.137815227173803,3262.018829318519,84.54627715344998,2.0998346957850207,1.0073982548729294,443,NORMAL
1.2591461223559686,43,11020.508892247472,21.339176428433372,12.810950579497504,8752.366938657739,256.29090447087145,1.882827666530941,0.8597935844334278,443,SIM_ATTACK
1.4363022411638606,38,4848.563263218841,12.784127832794677,13.672699226952819,3375.726309032259,127.59377008470634,0.9389305251101893,0.4559906644435262,3389,SIM_ATTACK
1.1880610554758302,19,1339.4940793140859,10.44636664820683,5.546077437413258,1127.4623245499831,70.49968838495188,0.691421924853767,0.4671450025158732,80,NORMAL
1.7643616238558024,35,4666.196355401528,13.158679958825044,6.678523212433955,2644.6938611168107,133.3198958686151,0.6927688878545321,0.4709111616836218,80,SIM_ATTACK
2.5022429319989024,31,8144.921389871756,7.898179244438927,4.490705784895866,3255.04821522874,262.73939967328243,0.4893713858433618,0.46539851838070234,22,SIM_ATTACK
0.5273343566260502,13,449.4084967312435,14.868567581186683,9.7837233925621,852.2268482687418,34.5698843639418,2.223459051502674,0.8998014434789406,80,NORMAL
0.37505771546502276,38,614.7879361068871,67.2997789501646,34.01796078193223,1639.1822131818567,16.17862989754966,0.9425867254417398,0.5617206918699275,443,SIM_ATTACK
1.373944185997937,6,1218.9814800677264,2.3380649755345146,2.028924645402684,887.2132452617377,203.16358001128773,1.0194317909584993,0.9058138257826559,443,NORMAL
0.5470117537134311,47,1260.9415181515662,53.075449774480944,32.845921532327196,2305.1451995164057,26.828542939395028,2.4051270628098673,0.42308266681513007,443,SIM_ATTACK
1.1290557593510084,33,1668.1773690046016,21.158368178851553,8.069594857242166,1477.4977720883203,50.550829363775804,1.2323153122935984,1.95411398973147,443,SIM_ATTACK
0.3835677454493185,30,727.2003506396011,46.367258715835945,31.845782802703198,1895.885040562378,24.2400116879867,1.002780071652298,0.4666554264958447,22,SIM_ATTACK
1.2969965982012055,31,1382.0177535597045,16.04547262792486,7.8559007781377765,1065.5523348915597,44.58121785676466,1.7089109917831222,1.6041414041217388,22,SIM_ATTACK
0.6415630414222672,15,1016.501790965435,15.781651068816577,7.598748099356866,1584.414508529005,67.76678606436234,2.4799031195257433,0.32070050023191865,80,NORMAL
1.8427714649372484,12,909.1829138360719,4.85074789074763,1.6611827682224094,493.37800760173593,75.76524281967265,0.8227894869897152,0.4647268906182881,443,NORMAL
1.124344777910809,20,1444.1696526609,10.100559528038382,7.687578410542006,1284.4544494121908,72.20848263304501,1.0004713447852016,0.6395369829630192,80,NORMAL
0.6007736848296096,30,1539.7698471964,35.17741214602182,14.758197148364218,2562.978183095864,51.32566157321333,0.8502691403400229,0.8338024642006335,443,SIM_ATTACK
0.36999246719209067,44,1685.1839477086323,87.70314556123039,31.218194470150095,4554.643937747326,38.29963517519619,0.8206860702151617,0.9238643066475071,443,SIM_ATTACK
0.5598910159118635,51,2987.181867988029,44.35851455854019,46.730641278224084,5335.291660508199,58.57219348996135,0.7572701268115514,0.8361436230127743,80,SIM_ATTACK
0.318018807681281,12,302.47263339971647,21.15295721281747,16.580660139859425,951.1155506967848,25.206052783309705,2.0055037042466584,0.5693135745061605,80,NORMAL
1.2678829540610494,9,1717.6495044108995,3.97027018921467,3.128176848954631,1354.7382263553907,190.8499449345444,1.3741990686723038,1.190811488914197,80,NORMAL
1.097091760663348,15,1236.598210047051,8.492836606893418,5.179675153590836,1127.1602379908054,82.4398806698034,1.627572519967422,0.7571770588001089,443,NORMAL
1.9516966158846345,10,2962.20683754575,3.2641273296585926,1.8596198340199979,1517.7598882104367,296.220683754575,0.6365208128443706,1.362082025247754,80,NORMAL
1.2195923334670014,10,833.6616924354284,3.971152113129341,4.228309072045919,683.5576688691812,83.36616924354284,1.4031967083466912,0.9092507680158984,80,NORMAL
0.19906149307573667,30,913.3370764972723,99.22086308165298,51.486335666152755,4588.2157437138085,30.444569216575744,1.4952250712056725,1.3030227282836129,443,SIM_ATTACK
0.7102881323613404,34,3086.9921714260845,27.997013267570505,19.870884914773608,4346.112557397564,90.79388739488483,1.0069007719679106,1.089228462628278,443,SIM_ATTACK
0.8321891474168087,27,2651.3783876465654,22.21214139986753,10.232405712781645,3186.0285559799554,98.1991995424654,0.8997822532920439,1.0758958034341206,3389,SIM_ATTACK
0.39733490273040334,35,937.1008679088901,54.41854163514103,33.668358759179306,2358.466023169187,26.774310511682575,1.0391698277777883,1.2104886129698278,80,SIM_ATTACK
0.960924818681818,14,1120.7281521123723,10.341544323315688,4.227753636128201,1166.3015985472932,80.05201086516945,1.2998331346874095,0.6884774497708835,443,NORMAL
1.0917540904109206,26,3269.813263785338,14.68418313962257,9.130703590239802,2995.008942494209,125.76204860712839,0.5704217561295801,1.2291580663664177,80,SIM_ATTACK
0.7764619923708566,43,2208.2391097034056,37.34238190416486,18.037019048486258,2843.9757919904705,51.3543979000792,0.6901604816585979,0.7715197419205844,443,SIM_ATTACK
0.7845552241110144,38,5517.488662702016,34.515162487763355,13.919923828892166,7032.632621819484,145.19707007110568,0.6190674596909931,0.7431683474787297,80,SIM_ATTACK
0.43331544922516124,33,863.4316582201516,37.57031826548451,38.586670964900385,1992.6168332195593,26.164595703640956,0.8451927009026039,2.066261727165949,3389,SIM_ATTACK
0.2713251184857862,38,1628.1502927500376,71.64902285443291,68.40435742996816,6000.735581859999,42.846060335527305,1.5794003159830543,2.0727119275501087,3389,SIM_ATTACK
0.31343038336726453,8,410.5064878113208,13.59704185311784,11.926967383172236,1309.721423306644,51.3133109764151,0.9624311607360034,1.5844158922547533,80,NORMAL
0.51336431393606,37,1187.0148212414254,49.45130766101223,22.622264645395468,2312.226987770851,32.08148165517366,1.3412990406873642,0.9241986378957405,80,SIM_ATTACK
1.4672815982084388,10,1851.0889082998408,4.993177063441476,1.8221472834392252,1261.5771304976722,185.1088908299841,1.2158903866984352,1.0542925298523456,80,NORMAL
0.7841507809079583,13,961.0236936134249,10.282315388102404,6.2961288556787025,1225.5598247325186,73.92489950872499,0.7489432950540991,0.4939111944189432,443,NORMAL
1.6248842280513933,42,11322.18405783801,18.537493273212615,7.310502094658965,6967.994311456818,269.575810900905,0.5791884581434734,1.0978988313429474,443,SIM_ATTACK
0.4740504502847023,26,1201.0877475438083,30.315844779525165,24.53063829919585,2533.6707239123316,46.19568259783878,0.9535592678202993,0.7361458894053565,80,SIM_ATTACK
0.5817614455396055,40,2994.13112649355,43.281673851229364,25.47503099176432,5146.66475313843,74.85327816233874,0.9238186771465255,0.9796959122156249,80,SIM_ATTACK
0.9272556783192559,10,1572.4769032700315,5.977872362054568,4.806639648835465,1695.839605016282,157.24769032700314,2.0816047416568475,1.0696273084955827,22,NORMAL
0.2997036928540979,8,386.6724935808341,15.706038718868955,10.986992400686079,1290.1826130286436,48.33406169760426,1.2922812622621698,0.5145029605144785,22,NORMAL
0.9719243851466233,11,692.4362193722864,5.545752796687462,5.772000073913222,712.4383645007799,62.948747215662394,1.0526943309491512,0.793370728522232,443,NORMAL
0.6372499639143787,47,1640.204797179921,35.954810077468686,37.79960759451874,2573.879780400113,34.89797440808342,1.59961015812712,0.40742890614319144,443,SIM_ATTACK
0.3492408998622166,30,602.8867481529916,63.080112133261466,22.820479727072396,1726.2776163698006,20.096224938433053,1.1888874454204268,0.931038686382926,443,SIM_ATTACK
0.5097574080349264,36,944.3623841281008,44.940548984131894,25.68127903162386,1852.5721632345499,26.232288448002798,0.8166927259997397,0.5578752920824562,3389,SIM_ATTACK
0.8146327524840549,39,2441.7391582155365,23.014710049999895,24.859623361070955,2997.3496041866174,62.608696364500936,0.8492881491462568,1.1362722146777067,80,SIM_ATTACK
1.2400487327862602,9,1024.917273018591,4.048065112400571,3.2097141684007076,826.5137054055197,113.87969700206567,0.9239994876213681,0.3957571451613042,80,NORMAL
0.6412097473600644,17,534.5925824546626,14.942146669091512,11.570238817858725,833.7249779118968,31.446622497333095,1.5961823137360698,0.5802097040058588,53,NORMAL
1.0633790613213758,27,1724.137158425727,13.321334895700835,12.069422720354973,1621.3758772749202,63.85693179354544,1.252133654817596,0.43117293832411724,22,SIM_ATTACK
2.093827972710212,39,8922.570117777723,11.768755293329045,6.857416726676556,4261.367330109987,228.78384917378776,1.085167776424958,0.6660792937169941,80,SIM_ATTACK
0.5816715057664731,14,601.0000593637138,15.631055162721562,8.437512510285028,1033.2293285911803,42.9285756688367,1.4530706211635598,1.449323844719325,443,NORMAL
1.0509964734942374,16,944.9643616612333,9.402704434412348,5.82094322142132,899.1127805781496,59.06027260382708,0.8131604863478946,1.589677401452499,80,NORMAL
0.37968283469561137,15,356.73382170490004,19.08056051105297,20.42609775551148,939.5574124147346,23.78225478032667,1.4662663054582612,0.5710733480654604,80,NORMAL
0.34402327499658397,31,1195.0682218203997,53.65694738756368,36.453234838647084,3473.8004916448353,38.55058780065806,0.6917128628601857,0.743416941776868,443,SIM_ATTACK
0.3385887200495184,36,1247.837389976087,54.66603210520242,51.65765166883182,3685.407445923159,34.662149721557974,1.5122909439423762,1.746942344356803,3389,SIM_ATTACK
1.8362620391301239,33,3580.377607889074,13.135143299060996,4.8361479963974645,1949.8184527003427,108.49629114815376,0.8512536360868318,1.6571498607560253,80,SIM_ATTACK
1.83079747449291,35,8650.426434000095,11.792804776853899,7.324547353913168,4724.949949145014,247.1550409714313,0.7384095519578926,0.9789295320498136,22,SIM_ATTACK
0.68863140070478,15,923.979827103337,14.751255735742873,7.031079465132727,1341.7625541874645,61.59865514022247,1.008523954795812,1.6649960147464065,80,NORMAL
1.1233756276083893,18,514.8622676948877,10.600575868688239,5.422559721605012,458.31710697783586,28.60345931638265,1.4001803058637081,0.7980191799435095,443,NORMAL
1.6501607358354713,14,2384.4948864078638,4.86427958493048,3.6197424233327586,1445.007649633962,170.3210633148474,1.6638109405963557,0.9751449662348866,443,NORMAL
1.2437453920989043,32,4096.163527168808,14.559726057226545,11.16901247984481,3293.4100123629446,128.00511022402526,1.4207453366439524,1.9204173547164027,80,SIM_ATTACK
0.7148792451855935,32,1689.2537655111314,31.33579857690352,13.427006072282111,2362.991759639875,52.789180172222856,0.39378091447992997,1.9387196418458856,80,SIM_ATTACK
1.2189220921968404,9,1051.5320290363122,5.468956778637415,1.914616017044275,862.673698153387,116.8368921151458,0.3845671524314678,1.5856652065885128,443,NORMAL
0.8872062363365579,13,681.9333666475096,9.912366431770247,4.740370967461137,768.6300419430563,52.4564128190392,0.8973568899881303,1.604268436341441,443,NORMAL
0.647573081929734,13,460.8294519686176,14.783426648781392,5.291527611609853,711.6253977008586,35.44841938220135,1.3212828137224006,0.8980613842567462,443,NORMAL
0.3399708477416274,40,607.3938899736822,71.18706471442347,46.47008226071772,1786.6058046109065,15.184847249342056,1.0306111273433858,0.8130795829215411,22,SIM_ATTACK
0.8666574529399371,13,1088.0748142222164,7.5793723580558785,7.4207871119867255,1255.4842868207868,83.69806263247818,1.1198210983789576,0.38334695093753396,80,NORMAL
1.5253022623554806,9,1635.0493471150153,4.224982939516421,1.6754869031635193,1071.9510404384082,181.67214967944614,0.8449170262201346,0.7681083022765893,80,NORMAL
1.0269340100194473,17,1170.6064806751167,10.767084758243644,5.787046114954396,1139.904287182921,68.8592047455951,1.3979179207302002,0.7784161392342712,443,NORMAL
1.1731590252677417,15,1766.5639300776097,8.20064174250209,4.585348627879844,1505.817959909092,117.77092867184065,0.9527763627041163,0.9159260531651183,80,NORMAL
1.3428220984991772,16,1364.5354429518218,8.613950407361463,3.3012541591128386,1016.1699338109737,85.28346518448886,0.7720091602611648,0.7323160921155155,443,NORMAL
0.5593165112201324,6,388.63053345918695,5.404572625826069,5.3228060222871045,694.8311477724857,64.77175557653116,1.284420457450024,0.36728025979671636,443,NORMAL
0.511152354665773,17,551.2509023050638,23.48748471113053,9.77070112098949,1078.4473499403325,32.42652366500376,0.5320956738955922,1.2797446880051724,80,NORMAL
1.546067157857123,6,1139.3042735571648,2.4597481828224894,1.4210664179585715,736.9047765921508,189.88404559286082,0.8460946987917286,2.006253337170016,443,NORMAL
1.586602901793993,33,4958.044733255422,12.61445480210554,8.184700400930117,3124.943694259789,150.24377979561885,1.1886999924227117,1.257102094044254,22,SIM_ATTACK
0.9602947055150699,44,5307.700368905814,22.68316004416678,23.136107465383713,5527.157796896257,120.6295538387685,1.6457813453821195,0.7905274544120996,80,SIM_ATTACK
2.0951753629515233,9,2490.2503475870544,3.076983458764794,1.2185996982085139,1188.5641610824307,276.69448306522827,1.073832115413317,0.7123752805821398,443,NORMAL
0.9938592852667606,12,595.2217200531318,7.5171241510162465,4.557019722157,598.8993903632636,49.60181000442765,0.7090172015427614,0.5331013739431083,443,NORMAL
1.9646469509995064,12,2721.419531013987,3.237111147191879,2.870856492436731,1385.1952024405584,226.78496091783225,1.1293392486803069,0.6183643899303325,443,NORMAL
0.7444263827653,32,948.6469336719587,30.878476625164446,12.107640929039484,1274.3327690080598,29.64521667724871,0.9300183374260393,0.7108748150177876,22,SIM_ATTACK
0.5934820818135587,39,1933.759011188125,38.170972703853764,27.542889930084655,3258.3275391886423,49.583564389439104,1.2391907714632444,0.4362217137518534,22,SIM_ATTACK
0.37699717145772843,15,552.658304240918,26.85073018428913,12.937366744925907,1465.9481451915508,36.84388694939454,1.5124574167067417,0.7765200632627763,443,NORMAL
0.6098536004051098,36,3516.10771130279,43.45732348918266,15.573237248814358,5765.494717038862,97.66965864729973,2.0297922198099654,0.5893668658900988,3389,SIM_ATTACK
0.5530885173665394,41,1883.155205054169,39.66648755190628,34.46269559443038,3404.798953376528,45.93061475741876,0.7649236962443947,3.647090862135996,22,SIM_ATTACK
0.7575516118914425,10,769.7166983811608,6.12069446915398,7.079726258659091,1016.0584259854515,76.97166983811607,0.6081448541908364,3.2629136958398224,22,NORMAL
0.8271395141082066,33,2040.1143791247232,28.150101748290666,11.74643255714566,2466.469494356468,61.82164785226434,0.5192021608313175,0.7610274159760603,80,SIM_ATTACK
0.5888243603338037,39,698.3075945076015,35.24627659422361,30.98739617347737,1185.9353001491513,17.905322936092347,0.6046040530829622,0.44939597364592965,80,SIM_ATTACK
1.935432523314282,14,2127.418878297526,3.826800233837241,3.4067250021787676,1099.195581695859,151.95849130696615,1.1446879268054386,0.5982493099872096,443,NORMAL
1.8788179757355465,35,3733.6312350935864,9.419467136689855,9.209266701295542,1987.2235007927743,106.67517814553104,0.6422287622839159,1.2380345304608027,80,SIM_ATTACK
0.6246204523436923,21,1699.3030197057105,21.339649969539863,12.280766911149982,2720.5369490057665,80.91919141455764,0.9114619998501938,0.9139730924267753,3389,SIM_ATTACK
2.0416180226586214,14,1596.1180105674975,3.1400891321180544,3.7172171047112124,781.7907134700016,114.00842932624982,1.3527887503675253,1.052322275436385,80,NORMAL
0.40164072029558073,25,1058.9093988938102,31.179835546081815,31.06484916019416,2636.4592666662975,42.35637595575241,0.5830058017547575,0.9863350275594102,22,SIM_ATTACK
0.9698031435113831,12,853.5726605386569,7.691312475129905,4.68233271285267,880.150436972303,71.13105504488807,0.4103833260403055,1.4480804948331263,443,NORMAL
0.5329786151034798,41,922.0327488722985,43.08781008896832,33.838353246946575,1729.961996117391,22.48860363103167,1.7207792936423238,1.2267375313073372,80,SIM_ATTACK
0.4917893696221868,31,1558.938342544345,43.380169101332946,19.654946976543037,3169.9309477591733,50.288333630462745,0.9189169225513291,0.5205792271918013,80,SIM_ATTACK
1.2454495877251528,10,985.215481370749,3.989953935571677,4.039275106340224,791.0520755563231,98.5215481370749,1.0064963724001679,0.5205035506002899,80,NORMAL
1.0816896222941488,14,2214.254400808439,6.594724648209366,6.347989889725728,2047.033044573582,158.16102862917424,1.2606820784927246,1.9711425583321793,80,NORMAL
1.1623223028207694,32,4047.6118666807624,18.761330722791264,8.769759339183064,3482.348963672003,126.48787083377383,0.7476789439927652,2.5288170772707494,3389,SIM_ATTACK
0.4400184133561161,33,1777.148713446668,47.50668866122548,27.490172829869465,4038.8053306496163,53.85299131656569,1.4141841981255958,0.9283803183355768,3389,SIM_ATTACK
1.099572751270726,21,1009.0439853677666,11.191348874440752,7.9069781582464955,917.6691439485568,48.049713588941266,0.5548730031437852,0.8891043878829454,443,NORMAL
1.155530677329186,7,1293.877992475543,4.033737554795752,2.024085173181767,1119.7262157211812,184.83971321079184,1.953008023273625,0.735662752305734,80,NORMAL
0.5242297961454896,41,1641.9717378254031,37.8653986581019,40.34457777105411,3132.1602661625634,40.04809116647325,1.1096710830077192,1.1620001679394425,80,SIM_ATTACK
1.1517626308804767,18,912.5394614710588,9.141451288149941,6.486768900101623,792.2982019076784,50.69663674839215,1.5036660420548118,2.0542662661621143,80,NORMAL
0.8270391412347451,8,422.49039162467983,4.990094849147894,4.682966075219284,510.84691226815954,52.81129895308498,0.6278729847121407,0.26895714760068457,443,NORMAL
0.44148899253290186,29,1229.8743466762337,37.2648872316757,28.421914682958175,2785.741813448673,42.409460230214954,0.6195556788348578,1.2313418515370833,22,SIM_ATTACK
1.1017447288159339,41,6733.621888908582,20.502407248024575,16.711294735431686,6111.78044495419,164.2346802172825,0.8963599613424362,0.8395561617134136,443,SIM_ATTACK
0.5923556761598665,24,409.94079437807085,28.03285570361926,12.483342529826583,692.0517703749241,17.08086643241962,2.399984734362952,0.8733031365431203,443,SIM_ATTACK
1.1898820995723647,9,1211.341424373382,4.967895160127006,2.5958794384105603,1018.0348328701892,134.59349159704246,0.88266550395216,4.311324736337193,22,NORMAL
0.9482937467228986,11,1819.2556400516396,8.29453328669342,3.3052479393387664,1918.4515835294708,165.38687636833086,0.43537761068330855,1.458941313267571,80,NORMAL
0.5758717214579684,9,948.9375444850879,9.151024560193155,6.477455993104668,1647.8279955865983,105.43750494278754,1.8658560282572327,0.5062179755655785,443,NORMAL
0.7030434156233494,11,880.8687477901985,10.463785118675597,5.182474778726206,1252.9364875840297,80.07897707183623,0.5272007520404555,1.8468314938461172,80,NORMAL
0.8618606491127615,14,436.6039161743024,9.738186875050944,6.505738421239398,506.5829570287985,31.185994012450173,0.8331519965353315,1.1187362540076342,80,NORMAL
1.478717519462687,14,876.1347386867068,6.4192712350475825,3.048392342162958,592.4963538709292,62.581052763336196,1.396923478214976,0.9004962552017919,80,NORMAL
0.9753460425722876,12,3283.842581692521,7.8104731433547805,4.492852523864116,3366.8487268703298,273.65354847437675,1.3396991690792681,0.8043445015829745,80,NORMAL
0.8043637100002433,14,1005.8739140615187,9.316748606828753,8.088313090939494,1250.521252458312,71.84813671867991,1.7868557071224191,0.5390255814503698,443,NORMAL
1.7585439163224659,15,1366.5071816914758,6.094266000363296,2.4355181356897706,777.0674186796357,91.10047877943173,0.8991369679105344,2.320351750544639,80,NORMAL
0.9289306018415803,8,1432.8957171700895,4.998783110077508,3.6132703459505437,1542.521814147808,179.11196464626119,1.097473294479902,0.9706216831998549,443,NORMAL
0.6918941265136465,34,2167.156734021557,32.27935960822197,16.861106681499322,3132.208600962612,63.739903941810496,0.37240031029172166,2.174334554651755,80,SIM_ATTACK
0.94289021161539,11,2074.3120614560007,7.529082683783983,4.137174813103639,2199.9507852586808,188.57382376872735,1.3222314181399586,0.45626253761918584,80,NORMAL
0.9402370443738876,36,4921.40528138537,26.108571516419275,12.179645498017472,5234.2175952688385,136.7057022607047,1.1217778052541698,0.47146144891996833,80,SIM_ATTACK
1.514006610133554,15,897.1923414503228,6.056062368191717,3.8514240982490167,592.5947320475565,59.81282276335485,1.0967529943532999,2.5981868340279655,443,NORMAL
0.8530362167401462,18,754.2387051950461,14.022976737204013,7.0781203167833215,884.1813400108006,41.902150288613676,1.2664284111896407,2.2362569153121075,80,NORMAL
1.7751879956598333,15,2490.182718809493,4.59229995181995,3.857509328478013,1402.7712698022713,166.0121812539662,1.0121300286337007,2.1360365671067045,80,NORMAL
1.376870547433687,9,1957.8710023233389,4.282192204614241,2.254370013798277,1421.9717358124649,217.54122248037098,0.6528194694322368,1.2483070256450526,443,NORMAL
0.4697709551753908,49,2061.986850466165,73.20809666259854,31.098053941594657,4389.3451218079545,42.08136429522786,1.0001538619207544,0.3242918098018478,3389,SIM_ATTACK
0.6920604493455615,45,1791.7651717142626,32.23169358781551,32.79152807230636,2589.0298649613965,39.8170038158725,0.5296042866434159,1.4159911527187037,22,SIM_ATTACK
2.9261874649045128,40,7899.924590050414,7.253876964235037,6.415787225002163,2699.7329066571624,197.49811475126035,1.1281324946313436,1.2651435930927413,80,SIM_ATTACK
0.525339115496608,12,1002.9284413817012,14.06630624675204,8.776081928848187,1909.1067308658783,83.57737011514176,0.978773563641821,0.45182351107025154,80,NORMAL
1.6647119911642518,32,4531.414012399732,12.939648778267069,6.282895523597494,2722.040831357616,141.60668788749163,1.2854915812904217,1.66426220964293,3389,SIM_ATTACK
0.6304564596595388,25,1938.591565653442,22.601579124153144,17.052229821670938,3074.901582736303,77.54366262613769,1.4407620628067457,0.7289697301813121,3389,SIM_ATTACK
1.0057391255860246,12,1292.4964286956892,5.780921931779831,6.150601556488395,1285.1209581237845,107.70803572464077,1.1569333479912396,0.45958458878610237,443,NORMAL
3.0383024658682083,35,18930.16561988132,5.9421842506126215,5.577406176339355,6230.507275868581,540.861874853752,1.6363725428113793,0.7449513213720487,3389,SIM_ATTACK
1.3948580002500282,12,1843.9558822001266,4.983208991763075,3.6198172645648103,1321.9667391731614,153.66299018334388,0.76106464355344,0.3933274599759395,443,NORMAL
0.9734670755803387,10,766.6422991128704,6.047278052348485,4.225283034566997,787.5379849450292,76.66422991128704,0.9400625681102753,0.8934023438962417,443,NORMAL
1.06770721329302,13,1340.5497927766933,9.09239663299431,3.0832258954940297,1255.540635191714,103.11921482897641,0.2573362815388023,1.8719573456166352,443,NORMAL
1.015664211346367,12,568.6085538525858,7.152728529800757,4.662199933704687,559.8391156254654,47.384046154382155,0.7213442317249965,1.6584648529439125,443,NORMAL
1.748481938180462,35,2802.0734001278656,14.055913888063579,5.961450452812802,1602.5749760067936,80.0592400036533,1.3109013340952906,0.6872912128783119,22,SIM_ATTACK
0.765882761687666,13,343.1433944189487,10.214019257115277,6.759858012760551,448.0364509873715,26.395645724534514,1.2903075601750007,0.8745354299562806,443,NORMAL
0.7869806755378373,10,1428.0106526733216,6.497522015451381,6.209270299576955,1814.543478716796,142.80106526733215,1.4108070581050332,1.0425738451699835,443,NORMAL
2.280692534201588,35,4646.833992487946,8.397723722936044,6.948492163306861,2037.4662181786302,132.76668549965558,0.7776499865050166,1.1669514356504709,443,SIM_ATTACK
1.0985452381506935,12,526.1153674605035,5.719547907725494,5.203989497252901,478.9200746490636,43.84294728837529,0.46851447749423925,9.154112423422614,80,NORMAL
0.43838531292615557,42,934.3159913314623,69.84247949913248,25.963649861489486,2131.26663640952,22.245618841225294,0.9073547962304913,0.44968720537027734,443,SIM_ATTACK
0.6191292024237867,11,830.6617436756829,12.468644279097568,5.298245017897067,1341.6613857394902,75.51470397051663,0.8665868773633187,0.8978547552489431,443,NORMAL
0.551903797844071,13,425.84801532445323,12.02644043799074,11.528389318177894,771.5982694592144,32.75753964034256,0.473574353056565,0.3548247657202627,443,NORMAL
0.5419720012983514,34,2515.008968357587,37.008715228864126,25.72515279116162,4640.477667356646,73.97085201051726,1.1162856831335506,0.5487750392640378,22,SIM_ATTACK
1.208796387115765,32,9399.551452791226,16.537426450258682,9.935187416790708,7775.959254162663,293.7359828997258,1.1340086694020086,0.8378059672766363,443,SIM_ATTACK
1.1472988479904112,37,4240.439316462301,19.5685489123378,12.681113034772633,3696.0198503552765,114.60646801249462,0.9601189786104642,1.1789441430816154,22,SIM_ATTACK
1.2298548552937496,12,1930.4739449963088,6.883688893826416,2.8735600598591082,1569.6762399943666,160.8728287496924,1.0034883205677643,3.020415068773884,53,NORMAL
1.2607224164050062,15,1625.4745412595107,6.665850819646414,5.232089444454722,1289.3199328481903,108.36496941730071,0.7790681877285991,0.6607174257038763,443,NORMAL
0.41808584612608785,34,1881.734525707458,53.95825573490493,27.36475559168793,4500.832886698484,55.345133109042884,1.2071915364562278,1.931882858549386,80,SIM_ATTACK
2.3674960091406985,13,3936.1072211150104,2.984197951109017,2.506835592266819,1662.5612908820285,302.7774785473085,1.0864492935412684,2.2544758048376985,80,NORMAL
0.8835526245176919,42,3115.7888125181094,25.132523371338838,22.402845586369477,3526.4326380320995,74.18544791709785,0.39301636819905134,0.4607449542414185,443,SIM_ATTACK
2.45268913144429,16,3590.8845928915835,4.097614231022053,2.425837842408159,1464.0602214342002,224.43028705572397,1.5406505847761047,1.6647393932758918,80,NORMAL
0.5868334293888156,36,1207.0709370990269,41.1553842002903,20.1908142217966,2056.9225893558687,33.52974825275075,0.7115215389536895,1.3375267500699153,22,SIM_ATTACK
0.5950391240434961,31,2440.7288296625616,29.250077571599302,22.84733711492468,4101.795547622091,78.73318805363103,0.7717065192373253,0.7962005850907738,443,SIM_ATTACK
1.4644258306395967,12,848.7878138424104,5.665141589443015,2.5291962520022766,579.604508527207,70.73231782020086,0.7068900920877909,1.604880393861105,22,NORMAL
1.921297753229047,10,1926.6280884710445,3.336976389401102,1.8678389408585656,1002.7743410582972,192.66280884710446,0.5508587610219899,0.264041808837963,443,NORMAL
0.464436376344235,22,588.0832976687936,31.090710825761374,16.278533102052425,1266.2300535066463,26.731058984945165,1.6105945508893915,2.39428855026856,53,NORMAL
0.40023514499602336,13,408.3665319016316,21.62700770513524,10.853897988764189,1020.316523941667,31.412810146279355,0.695446576057997,2.358085174291602,80,NORMAL
0.23994977910315432,32,745.4855075691933,64.91344450084951,68.44779517023689,3106.839732695521,23.29642211153729,0.9073903961853115,1.8362559727582919,80,SIM_ATTACK
0.7964636502730313,43,1929.1807216320824,39.970052637203715,14.018600812654803,2422.183009821918,44.86466794493215,2.1050622657226707,1.4225167890003467,3389,SIM_ATTACK
0.2958560991770152,37,1601.1914054063768,85.97993709827219,39.08086138762394,5412.061505104749,43.275443389361534,0.5554597443425178,0.6929910349772014,80,SIM_ATTACK
0.621456539179156,27,1356.016457135306,21.44163434432476,22.00468619107849,2181.9972462215705,50.222831745752075,0.7899204362479115,0.23781286804339039,22,SIM_ATTACK
0.7087969795090239,8,456.03953948702963,6.060657750958223,5.226072062057508,643.3993832802778,57.004942435878704,0.5588798455383918,2.4671449631370144,22,NORMAL
0.6243659978567205,34,2673.297897475105,33.61453862787771,20.84070095389452,4281.6199258957295,78.6264087492678,0.5789767541362081,1.1367674467759168,22,SIM_ATTACK
0.451881669384569,41,1074.4636255767955,59.385053364742994,31.34666420158164,2377.7543953932436,26.20642989211696,1.1575692574850467,0.9130310483844918,22,SIM_ATTACK
1.7022072076517085,16,2233.940194659624,5.928722158390568,3.4708385578825753,1312.3785310141363,139.6212621662265,1.0348355399733393,1.2639696241289615,443,NORMAL
1.6345536260940916,7,1514.3051590674359,2.209101092637467,2.073413649156053,926.4334524686107,216.32930843820512,2.220551226728618,0.6620314164757356,443,NORMAL
0.8729965847113427,30,2920.294440184807,19.469303372514077,14.89509223382101,3345.138447649719,97.34314800616023,1.4289671587455977,0.9395137790662608,443,SIM_ATTACK
1.7366767056576669,34,6163.2659119774025,13.959785096433562,5.617836857748431,3548.8850008173617,181.2725268228648,0.49357520791583304,0.8367894512500459,3389,SIM_ATTACK
1.2024671349738913,13,2965.5599958520907,7.796522908303886,3.01458337634502,2466.229562204609,228.11999968093005,0.8999387567332987,0.48856792316988584,80,NORMAL
0.4765091318973923,33,1557.726477024049,46.49644593849477,22.757211108115527,3269.038036734787,47.2038326370924,0.6606150280064101,1.3223502939402414,80,SIM_ATTACK
0.6805304875719929,31,2040.7372722472298,34.06060030263573,11.49209802040675,2998.7448167505377,65.83023458862031,2.678170025574998,1.3828297543852388,443,SIM_ATTACK
0.7911240278845796,40,1741.7810352848312,37.71104251999894,12.849929704492475,2201.6535636545564,43.54452588212078,1.3398545496192638,1.7538082663531014,3389,SIM_ATTACK
1.1070447974142965,10,774.0999262550768,5.205067941173874,3.8279901819994704,699.2489627006307,77.40999262550767,0.9622242899023961,1.4172725650972697,80,NORMAL
1.5944772075155964,34,9118.334975809854,14.204900345265814,7.118703303466448,5718.698851780648,268.18632281793685,0.48623663508017195,1.5275644456242705,3389,SIM_ATTACK
1.8335599745578766,11,3496.282840401001,3.590283571081369,2.408974785685724,1906.8276407179178,317.8438945819092,0.9179610547828484,1.1362525673467883,443,NORMAL
0.4205895666682187,36,1268.399304754826,54.86280855579883,30.73132608995794,3015.7650243269127,35.23331402096739,1.252710637095969,0.7913389009146459,22,SIM_ATTACK
0.4397690636311453,28,2313.022859170563,32.62964619025899,31.040134873478813,5259.63067995752,82.60795925609155,1.4767191113954121,0.8193016327226574,3389,SIM_ATTACK
0.46581001188623844,50,1504.6594754264152,51.004243022058624,56.335656774279705,3230.199946397648,30.093189508528305,0.5540478473997884,0.9440636940071225,3389,SIM_ATTACK
1.015208869435188,39,2605.527631426302,27.101799391596145,11.313940634096966,2566.4941568880195,66.80840080580262,1.4016531641369638,0.3787124567646061,22,SIM_ATTACK
1.2263203354781766,13,1585.840333151725,5.760642222322075,4.840176849092031,1293.169726760962,121.98771793474808,0.945240851244661,1.0541509198700545,80,NORMAL
1.096809799758342,36,3238.0977293648075,23.75936129405215,9.06310255330936,2952.287379341661,89.94715914902243,0.3623187269203936,0.9176084669452278,22,SIM_ATTACK
1.2550936221288091,7,1643.979722218233,4.17527341136121,1.401999770958887,1309.8462881436847,234.85424603117616,0.8157901283233159,1.6045931504592819,53,NORMAL
1.698273029035619,8,4133.133217232153,3.0511832138490895,1.659484542879567,2433.72717258496,516.6416521540191,0.8826455159786605,1.3373692205129226,80,NORMAL
0.7777009961497499,41,3550.008412117857,30.494365071822525,22.22512507025422,4564.747158217972,86.5855710272648,0.8005968366897758,0.4546624271492927,3389,SIM_ATTACK
1.1208800829323602,19,877.5876481451405,10.651577837650366,6.299388005451833,782.9451709492984,46.188823586586345,1.346222888632329,1.4081297680991895,53,NORMAL
1.3049367768941618,16,765.7602140747541,8.556720279072222,3.7044101322271583,586.8178655346932,47.86001337967213,0.2793163824996476,1.516948583472003,80,NORMAL
0.26990876803137603,34,548.7414731127535,92.28669639639809,33.68179380117715,2033.06279049432,16.139455091551575,1.0668379119644436,2.075441376693608,22,SIM_ATTACK
0.5857417971847899,14,1394.6478733734655,10.794454467181767,13.106861893179106,2380.994288057408,99.61770524096183,0.9175962550673389,0.8968037200083625,80,NORMAL
1.0965775894134935,45,3939.7996836094253,29.170485905633694,11.866281975121861,3592.814335843426,87.55110408020946,1.1179647011617055,0.7319946594032858,443,SIM_ATTACK
1.1832283291320436,43,2690.0689343729227,25.381819630544364,10.95943331388321,2273.499432139375,62.559742659835415,0.9105408868439959,1.1566048754465645,80,SIM_ATTACK
0.8661547590591775,13,291.4860974114055,8.072830639934754,6.936034535753571,336.5288874334876,22.422007493185042,0.937266659032565,1.107847257185957,443,NORMAL
0.6569954154806799,11,584.8595221903192,9.15435640901378,7.588530589599493,890.2033536450424,53.1690474718472,0.9281200294369304,1.240137772419596,80,NORMAL
0.6398219715406661,16,574.9722995406875,15.566943060028645,9.440013111658661,898.6441934092647,35.935768721292966,1.3531967283261737,1.2874622778099478,80,NORMAL
0.7549106150137626,38,4137.5581958765715,26.325253807493315,24.01183146359833,5480.858413682713,108.88311041780452,1.3922916604113618,0.5321220118891701,22,SIM_ATTACK
1.0397027387075262,37,6102.753992421812,24.941064521822856,10.646030349154774,5869.7104135825,164.9392970924814,1.2808043518864012,0.46886550136637584,443,SIM_ATTACK
0.6181367558815195,15,633.8127635233186,17.701172311023942,6.565302473522124,1025.3600962774713,42.25418423488791,1.1635995213549002,0.7017677172638437,80,NORMAL
0.3175170670113307,35,929.8909488779341,62.44744090828295,47.782854204486576,2928.63296335737,26.56831282508383,1.2076467104844162,0.8787088665183457,3389,SIM_ATTACK
0.3674437430663958,35,1366.2582033397423,60.31930433488282,34.933372191645,3718.2785912695867,39.03594866684978,0.5902403504158655,3.0338403517500425,22,SIM_ATTACK
2.1152800607206954,10,3427.842057398769,3.3693776003216485,1.3581287879307462,1620.5145224272912,342.78420573987694,1.0180858999923423,2.009568108898768,443,NORMAL
0.28366560476293334,37,857.0163579306314,97.79213549944613,32.6431353925672,3021.2205623126642,23.162604268395445,0.9541976973936359,0.3568936775607142,443,SIM_ATTACK
1.2998562580756268,10,2652.288778016852,4.038503479397823,3.654654850896719,2040.4477506947078,265.2288778016852,1.1046559382704009,2.390565871871139,80,NORMAL
0.9817727427500922,43,2036.2145253901751,29.91074268564534,13.887580620367999,2074.018188452079,47.35382617186454,1.039796081127739,1.6388135241956254,80,SIM_ATTACK
0.9601268909291034,35,5311.888833800671,21.05471772476513,15.398797254000765,5532.486261956916,151.76825239430488,0.629727973043871,1.005589445162068,3389,SIM_ATTACK
0.8119816209878784,27,1595.5010672789274,21.977860091581967,11.274124069280056,1964.9472673258274,59.09263212144175,1.1173629653396742,2.197465076394916,443,SIM_ATTACK
1.6666377160606125,29,5034.35145715731,11.200814406679093,6.1994878428982965,3020.663344315088,173.59832610887275,1.5890092732887604,1.1879160626046423,22,SIM_ATTACK
0.476580865570935,39,852.5801956429012,48.787864538921696,33.045047391520015,1788.9517965047255,21.861030657510288,1.6289929150500486,0.9468919209844622,3389,SIM_ATTACK
1.5136298291714456,30,8219.707430392997,11.434840322634921,8.385065060983125,5430.4607850470475,273.9902476797666,0.9780299616372518,1.3986237193627944,80,SIM_ATTACK
0.627355706497729,43,536.937996088098,47.98003007775168,20.561627477340096,855.8748896787818,12.486930141583674,0.9730589717917588,1.9734254036880408,22,SIM_ATTACK
0.5585877857102548,39,1451.9462327797185,48.1154358883292,21.70349140957218,2599.3161145361273,37.22939058409535,0.739220746985171,1.623044089127074,80,SIM_ATTACK
0.6553914003779272,12,363.6837255290724,9.673032005048656,8.636637595559892,554.91073779631,30.306977127422698,1.9324079776078047,0.36043471667732657,80,NORMAL
0.9470096925602973,27,1746.7941052769715,12.850911781944676,15.65988405479474,1844.5366705322829,64.69607797322116,2.1964649886723535,2.256909804562482,22,SIM_ATTACK
0.617202331401454,11,543.3929174730937,13.33929282689682,4.483063700860921,880.412937260356,49.39935613391761,0.536410505722583,0.9363925019225565,80,NORMAL
0.7850443501522899,13,1930.2199418455878,7.809474059332702,8.75009992840206,2458.7399953533154,148.4784570650452,0.34362675538042164,0.4925964759926585,443,NORMAL
0.5562290094617818,35,2403.905727133499,37.91376740005451,25.009955391510594,4321.791359748687,68.68302077524284,2.0212915559605933,0.7411718595752109,22,SIM_ATTACK
2.05215091506648,12,1826.0366849810987,2.8917926762048456,2.9557304820085237,889.8159835978455,152.1697237484249,1.0238446902489642,0.7244008554114637,443,NORMAL
2.1860179406174516,35,8380.979696876675,7.512355015401953,8.498492539725648,3833.902522551771,239.456562767905,0.8622525440798885,1.2942959299372112,80,SIM_ATTACK
0.8954009619127045,8,1178.8304781038319,5.365326155315954,3.569218635557239,1316.5392134331432,147.35380976297898,1.0080199261837526,1.5277196787835663,80,NORMAL
0.732652440293418,11,695.6229783827221,7.476324187642914,7.537616113428956,949.4583517719997,63.23845258024746,0.3738756735363839,1.5965379031006257,22,NORMAL
0.43285976475951593,6,538.936675324383,7.363410713083374,6.497891464848138,1245.0606852401731,89.82277922073051,2.451583789452802,1.014756618753888,80,NORMAL
0.2942190312926527,33,1641.854011322461,77.4273254769103,34.73401179285891,5580.38004580794,49.753151858256395,0.979672831071223,0.615060220675897,3389,SIM_ATTACK
0.42656355355420417,28,501.78375853974325,43.31628156301663,22.324581953565996,1176.3399717551836,17.920848519276543,0.7684244439737798,0.911712814772391,3389,SIM_ATTACK
1.2618010495601006,16,1371.4845809243602,9.471296861262045,3.208990578329205,1086.9261690680146,85.71778630777251,2.1300345445539137,1.1818372764566867,443,NORMAL
0.2901427916583671,40,431.2801541573456,68.21399798274646,69.6491547475774,1486.4410440537938,10.78200385393364,1.0619491194516437,0.8935307327066087,443,SIM_ATTACK
0.6558427033681564,49,2053.009942001679,45.02646788871669,29.686568862862323,3130.3389234311944,41.89816208166692,1.093209234339362,1.424112932451259,22,SIM_ATTACK
0.6239890384570348,25,4034.950883786276,23.18786961672352,16.876936748815528,6466.381034134312,161.39803535145103,1.8545552832765904,0.5555347564755083,443,SIM_ATTACK
1.4459373324366194,12,1643.5445785693296,4.018890531610914,4.2802243268305755,1136.6637693763066,136.9620482141108,0.9497991339954331,1.002480858278883,22,NORMAL
0.6206072818071966,40,3576.7609770519907,46.88903548354313,17.563962688699966,5763.32421791206,89.41902442629977,2.007982848317778,1.3481157439998683,3389,SIM_ATTACK
1.3532793316026532,47,2812.147560033871,23.89583771276766,10.834612167331471,2078.024465727647,59.832926809231296,2.7897227247577283,2.933018141493205,3389,SIM_ATTACK
0.5552663559586035,17,774.0651551533849,15.7074928727737,14.908444537393093,1394.0429612686517,45.53324442078735,1.2996027921967146,0.2633557174797529,443,NORMAL
0.49082973381047695,37,1402.869190704297,46.731147051231396,28.651409161809134,2858.1585304813334,37.91538353254857,0.5435892953128191,1.8745601694455687,22,SIM_ATTACK
0.15513289341704575,39,426.9087408148845,116.77492706349103,134.62243387630525,2751.8905334100887,10.946377969612422,0.6876866197390568,0.5438239354872751,443,SIM_ATTACK
0.8522838859508147,16,1241.4365122306385,13.49940505793377,5.273682482199964,1456.599769976505,77.58978201441491,0.9662931214818018,0.899444260830854,80,NORMAL
0.5958139194150055,5,868.4781354060593,4.614254893829877,3.7776269287854873,1457.6331755705987,173.69562708121185,0.47672991707424967,0.7166971852165757,443,NORMAL
0.8212969136619974,11,1276.6344369391438,8.465886828600631,4.927564208434461,1554.4128021215715,116.05767608537671,0.6435681353532674,0.4153029833243272,443,NORMAL
0.3134077563567824,33,693.2298830390507,68.05572851057096,37.238410931316054,2211.9104233332373,21.006966152698507,0.3965040522338026,0.7543326546045145,3389,SIM_ATTACK
0.5436734271044357,20,1095.3728510945778,25.83291346138335,10.953876186436148,2014.7625329574266,54.768642554728885,0.45972147201300245,0.5508163764462877,443,NORMAL
0.6585237546970767,34,3977.1617249324436,23.818098106222028,27.812537474479424,6039.511401926499,116.97534485095423,1.1971413103808515,0.28217550750237524,3389,SIM_ATTACK
0.9995918243386338,40,3252.393013742653,22.438560483619256,17.57777320985153,3253.7211035059777,81.30982534356632,0.3834551210395968,0.6586404683007759,22,SIM_ATTACK
0.5210973669038628,37,1039.4778407001972,50.69728232278226,20.306722590614527,1994.7862083363211,28.093995694599926,2.022843447818566,0.41719019417983755,80,SIM_ATTACK
0.9916346075122767,8,1249.6896025326091,5.697474603161588,2.370013097847231,1260.231937313803,156.21120031657614,0.8774735835048794,0.8399891609286426,443,NORMAL
0.9006048207609975,36,3330.3145706226273,29.104086149671282,10.869050980086186,3697.8644726868793,92.50873807285076,1.820191380755158,1.038481966728942,22,SIM_ATTACK
0.3693562462013755,32,919.5771924887844,46.8530005594567,39.78422387928579,2489.675487949985,28.73678726527451,1.211540474567737,0.7835405035309482,443,SIM_ATTACK
0.40926894253477053,46,454.50867681083133,63.58785292908027,48.80767778259094,1110.5379118089747,9.880623408931116,0.7781235798138204,1.9029359840929825,443,SIM_ATTACK
2.652509783915881,15,2695.9021037757034,2.7074199549428055,2.947601598966643,1016.358966938762,179.72680691838022,1.9153735681904307,2.3829423530696294,80,NORMAL
0.6105295771320809,16,403.5179131365078,18.209363319662806,7.997393239386891,660.9309822990139,25.219869571031737,1.6275151022858783,0.5434254438236443,22,NORMAL
1.790230251198528,39,2991.0146267457812,13.721972004839083,8.062935257168236,1670.7429811016482,76.69268273707131,2.2009480106347032,2.2442045474448116,80,SIM_ATTACK
0.7131891167597783,8,1746.7648240425326,5.059510682182546,6.1577104054670855,2449.230902426812,218.34560300531658,0.8761306074794976,1.7557135888256499,443,NORMAL
0.3476776302704303,17,930.1772762103168,29.849146671340517,19.046722720018007,2675.401565199369,54.71631036531275,1.3722090488146685,0.6084941025835977,443,SIM_ATTACK
1.1193855511914472,13,927.9276106542698,7.6625236551227,3.9509905502045983,828.9615759883677,71.37904697340537,0.5134521041225507,0.8057307349575711,80,NORMAL
0.1089166889302633,44,841.3909500460272,182.3114796702429,221.66701464638223,7725.087480255201,19.122521591955163,0.6329630505137038,1.003515526365183,80,SIM_ATTACK
0.39747946261398387,36,502.00835591172114,67.310439750814,23.260277446118906,1262.9793564938261,13.944676553103365,0.9818819266527185,1.0411266977539595,80,SIM_ATTACK
0.733569476254718,10,928.3400270458496,6.758843219340457,6.873130743174433,1265.510707704939,92.83400270458496,0.8204452221157432,0.9352331229514569,443,NORMAL
0.35642938460327084,12,339.0422290908427,24.004659691369746,9.662598167734053,951.2185126605619,28.253519090903556,1.0683269513430438,0.6488307950375722,80,NORMAL
0.6438020508348589,36,1408.2804754143215,38.184322283108536,17.73348654231618,2187.443288799896,39.11890209484226,1.1330376391727481,0.48842888216692404,22,SIM_ATTACK
1.1230912688594277,16,1067.0808846017828,8.36816482274158,5.878228541396174,950.1283770868176,66.69255528761143,0.8481741682676368,0.5413097450866932,80,NORMAL
0.7918337562247272,39,1301.2640952168256,23.643297462310823,25.609465120005215,1643.3551676565794,33.36574603120066,1.5363601219441787,0.9572540318756299,443,SIM_ATTACK
1.1988148398365062,34,2319.8494506357833,14.20903786244776,14.15230608340872,1935.1190638849312,68.2308661951701,1.0511350559162589,0.4792536973744869,3389,SIM_ATTACK
0.6538331010756762,44,2398.298329482079,41.87538206079268,25.420079009642386,3668.058906067062,54.5067802155018,0.6141541761425955,0.8538194026188545,443,SIM_ATTACK
0.9237466636061274,9,1122.6978789920736,5.486226376652252,4.256704617940735,1215.3742180884087,124.74420877689707,0.5870327917101138,1.7679892304388076,53,NORMAL
0.8674634340330499,16,878.4526146527709,10.187506980143189,8.257074511450158,1012.6681773416426,54.90328841579818,1.367922763020676,0.7249846168583727,80,NORMAL
0.47368970146788364,14,895.2307499247304,17.173157261786077,12.382055690102863,1889.9096753646172,63.945053566052174,0.8292460997023146,0.5294668269071241,443,NORMAL
0.7362476060489159,38,2973.1544251991727,33.21581225375828,18.397258794346833,4038.2534364419216,78.24090592629402,0.8564033044767385,0.6839438419441258,22,SIM_ATTACK
0.33369980450016606,36,722.2424210458117,68.39921283454868,39.4821809047218,2164.347750001311,20.062289473494772,0.7514482472207376,1.3970932496762931,443,SIM_ATTACK
1.2122994993900924,12,2094.4528575877503,6.355081078900961,3.543462973981349,1727.669489793132,174.5377381323125,0.8481846575831498,0.467614120373699,80,NORMAL
0.42070343778138874,36,1699.3590050981106,59.177213286435375,26.393753734534812,4039.3275939455316,47.204416808280854,1.4813137939321974,2.060893282633666,22,SIM_ATTACK
0.8903553155591273,12,712.227201858724,7.055153043686537,6.42261228246779,799.9359237962858,59.352266821560335,0.3494014891184951,1.7969868485465703,443,NORMAL
0.653267494261755,13,777.3382116458419,11.17284928767582,8.727115296802776,1189.9232986087832,59.79524704968014,0.5196552111602837,1.2494203923961458,443,NORMAL
0.55840766234252,32,987.711531871327,38.980061836166776,18.325742073758107,1768.8001051559309,30.86598537097897,1.3848446690343108,0.3010290702317495,3389,SIM_ATTACK
0.566163436953377,41,1638.6804217999018,34.657240882316245,37.76001061069444,2894.359322491617,39.96781516585126,1.7304640595586223,0.4059839579124814,22,SIM_ATTACK
0.736350979552375,12,1229.976746533388,11.60638059662808,4.690195809496556,1670.3675023031628,102.49806221111567,0.9506051871214527,1.6642245226045365,80,NORMAL
0.35735352673021964,27,732.0148754011941,55.851514222175176,19.70391752926063,2048.433331830026,27.11166205189608,1.2385151007530082,0.7939073482796132,22,SIM_ATTACK
0.9764620611683427,30,4329.585763789379,16.80516479231555,13.917995065124092,4433.951851246534,144.31952545964594,0.6831380493288323,0.7880041328236984,80,SIM_ATTACK
1.5072159958006572,10,2310.4887301842177,4.212260301549634,2.422488817263851,1532.9513066618226,231.04887301842177,0.9865086494763999,0.8238507404669321,80,NORMAL
0.7004368823757927,13,1156.1063459719048,11.849891316656434,6.709953727347612,1650.550356586791,88.93125738245422,0.6310726270046724,1.1182446577126448,443,NORMAL
0.7330742821753384,43,2265.3748349427296,30.119007132265068,28.538077211767558,3090.239134048481,52.68313569634255,1.5322323409430523,0.38726367747499446,443,SIM_ATTACK
0.8505297807813677,20,1221.6005226713792,15.440789662903697,8.07396602457656,1436.2818919157833,61.08002613356896,1.1643321544711878,0.4116942171495065,80,NORMAL
1.0512797585688618,32,1747.64752340568,17.079702022446565,13.359388751604431,1662.4000501872158,54.6139851064275,0.4698104391433611,1.5071575729788462,22,SIM_ATTACK
0.3546968783724292,16,359.7161350973783,24.129211347933616,20.97972807498432,1014.1508342221126,22.482258443586144,1.1991165248522255,1.0837846819064414,80,NORMAL
1.781597439149537,26,7188.498907632391,9.53174701656081,5.061897669194549,4034.861495458756,276.48072721663044,0.924655785583344,1.6499039859729623,80,SIM_ATTACK
1.0959452343416307,13,1377.4495911770805,7.49928282074454,4.362623771521921,1256.859875853704,105.95766085977542,1.4342050970033435,0.7334691943744964,80,NORMAL
0.7570860069746373,33,1789.554347963624,23.75635999182068,19.83181849251038,2363.739828074216,54.228919635261335,1.0624380117727814,1.1463536818352338,443,SIM_ATTACK
1.7242952873555961,35,1571.1884188344957,10.787937909723341,9.510209546027406,911.206120179156,44.89109768098559,1.2269192839640197,1.0846660584264447,22,SIM_ATTACK
0.4305040021282511,10,465.9962382955655,12.396128371240529,10.832459401611136,1082.4434523067243,46.59962382955655,1.008507276403511,0.6382098634183184,80,NORMAL
1.1432278756009473,16,1422.5981873227952,9.041197119394303,4.954262877231013,1244.3697513717416,88.9123867076747,0.8876770390494061,1.8060860428543974,443,NORMAL
0.8610244722165215,8,1167.6774317834038,6.7200470534063985,2.5712103476820154,1356.1489475176827,145.95967897292547,1.2301069329249223,1.4018244100083928,53,NORMAL
2.437500205677245,35,5087.4311936859995,8.344579501669934,6.0143936456884095,2087.151082833442,145.35517696245714,0.8371288513460577,2.25563415218524,443,SIM_ATTACK
0.4651675439930002,9,628.1103815700386,10.56788412429904,8.779983361776969,1350.2884921384161,69.79004239667096,0.9757228516354998,0.4509079164480352,53,NORMAL
0.8209422102840173,12,1151.0589139722636,7.27089065862844,7.3464598073055996,1402.1192960391663,95.9215761643553,0.9793568814465777,0.46400750237786537,443,NORMAL
0.8356823311920715,28,3172.7406218993992,20.674918628893213,12.83063599981239,3796.5869367772757,113.31216506783569,0.9035312722571633,2.046621429047134,22,SIM_ATTACK
0.556556939438421,14,671.4673343980816,15.895688924595163,9.258970029305093,1206.4665568191601,47.96195245700583,0.8843575959987774,1.505531558024545,53,NORMAL
1.1403949075747728,13,538.5630835212356,7.8630164195043655,3.536543429150626,472.2601617597309,41.42792950163351,1.6043844174115305,1.7050404083612942,443,NORMAL
0.27711319211605134,12,391.48877514556955,23.858688150890668,19.444916085224367,1412.739581815431,32.62406459546413,1.0200835398251904,0.22034039671534109,80,NORMAL
0.6752102637852653,23,1290.8069937255734,19.931579254464836,14.13188398594972,1911.7111557061344,56.12204320545971,0.6722895222876069,0.8572652438345518,443,SIM_ATTACK
0.914108773031504,13,1153.9140379219687,6.6827727123675835,7.538729567812334,1262.3377785722225,88.7626183016899,0.9138436674541002,0.6335064946005805,443,NORMAL
1.1162762196556058,17,759.0574949925019,9.955377484520028,5.2738280657378205,679.9907421002723,44.65044088191188,0.7657339997957316,1.2848339075976045,443,NORMAL
0.36366500968517596,30,211.14774513197327,48.320544882010296,34.17295655760013,580.6105605671644,7.038258171065776,0.9724865691611926,0.8331999158595784,80,SIM_ATTACK
1.0463338191032867,14,1111.2794725620224,8.099238456207198,5.280812675082881,1062.0697260023521,79.3771051830016,1.2298886513259164,0.8380140179333787,443,NORMAL
0.9230566061959132,35,2970.97382971929,17.779727993540824,20.137773235599894,3218.6258240036022,84.88496656340828,0.6787320854021531,1.0390259521462923,80,SIM_ATTACK
0.6394332620168198,11,659.8469101499487,12.899415035364813,4.303318468527658,1031.9245953342227,59.98608274090443,0.8500515403528318,2.6885602451760375,22,NORMAL
0.5778778358975629,19,615.7972634133502,17.160928290541776,15.717993204152862,1065.6184147587016,32.41038228491317,2.2161941942531587,1.144580242719891,443,NORMAL
0.9216632586830314,31,1841.8120502028476,24.55449132933051,9.080352750595203,1998.3568107451963,59.41329194202734,1.2016723635142779,1.4342832201248064,22,SIM_ATTACK
1.4364846625938614,39,11014.753178148341,14.76324794085677,12.386363200537298,7667.852964234921,282.4295686704703,1.5880775788226313,0.3196894194783269,443,SIM_ATTACK
1.1611091347211717,42,2852.9676619764796,22.938632372998786,13.233678001672292,2457.1055180455455,67.92780147563046,0.42324443184627775,0.9758725095532289,22,SIM_ATTACK
0.5757435473934748,29,2695.18312585179,25.068607263558164,25.301041048246212,4681.221592588423,92.9373491673031,0.6293833609829342,0.4209615275220192,22,SIM_ATTACK
0.5375585140062907,37,1571.075282596217,36.80978899957556,32.01992727493406,2922.6125931619636,42.46149412422208,1.2194393523923732,2.217354616368857,3389,SIM_ATTACK
0.6578175258622516,31,1653.7308530706262,21.715242524415316,25.410288160353133,2513.9659374428416,53.34615655066536,0.9578861772632533,1.2636169975443907,443,SIM_ATTACK
1.900503084336565,51,4891.357947532996,19.762968885192265,7.072030973702088,2573.717447683328,95.90897936339208,0.9442590417682523,0.5459159712876611,22,SIM_ATTACK
0.5767615238101476,32,3462.426907486368,34.61056513614103,20.87163795640339,6003.221027320286,108.200840858949,1.9433530018477996,1.0594717044057433,3389,SIM_ATTACK
0.4490419487429762,5,887.7121791480364,7.719347906291032,3.415469261674522,1976.902562517934,177.54243582960729,0.630188120362937,1.3718916513316293,22,NORMAL
0.34592864870092577,35,1137.4525536970646,45.5696065183931,55.607327313009264,3288.1131931933583,32.498644391344705,1.0444073922810981,1.6028419271714962,80,SIM_ATTACK
1.149455046273037,12,1230.735869823381,5.508528346538216,4.931201366170851,1070.7124857243325,102.56132248528176,0.6193766802165704,0.37320848639311166,443,NORMAL
1.2199479947853547,44,4154.4815634720935,25.098837685220847,10.968273526139964,3405.4579221658205,94.42003553345667,0.8130753657422038,0.589554016469199,22,SIM_ATTACK
0.7061191374224844,7,716.9269548457659,4.858569776173578,5.054771512878283,1015.3059403866786,102.41813640653798,1.9405102530681617,1.3666293399288638,80,NORMAL
1.4184977170405244,16,1928.3753192648383,8.31622005641011,2.9633187174565965,1359.4490115134583,120.52345745405239,1.1641074527609148,1.4747907619516862,443,NORMAL
0.5945252725722722,12,708.9122312266962,9.722102544174366,10.462068850391955,1192.4004982320055,59.07601926889135,1.3149232332336673,1.2989110807065454,80,NORMAL
0.7429883026091533,15,2656.708504453897,13.68963514683907,6.4991079966592515,3575.70704023782,177.1139002969265,1.0355557710297798,1.6956040180011644,80,NORMAL
0.632814430919051,12,828.4845526802319,14.08703564531502,4.875869455588138,1309.2061625032866,69.04037939001933,1.3402186099974034,0.5017736043586731,443,NORMAL
0.5852118746277458,41,1437.615518593265,37.18501490919494,32.87508089128786,2456.5727062659735,35.0637931364211,0.7836942942567239,0.9604684815400201,3389,SIM_ATTACK
1.253430635553609,11,1496.3801451955312,6.103439683344611,2.6724747454116127,1193.827646102345,136.0345586541392,0.7528816255416156,2.2848388785759295,443,NORMAL
0.3926548721624467,44,1278.955620845221,72.51091542412223,39.546779817709876,3257.200436102317,29.067173201027746,0.6406396021716562,2.5460081306035454,80,SIM_ATTACK
0.5093462334735773,33,1803.5107560733372,36.392421157678875,28.39651381676989,3540.834578816799,54.65184109313143,0.30803639967446955,0.7883346321274092,3389,SIM_ATTACK
0.28906471088935276,45,379.62456985106525,114.56993692743457,41.104548074731454,1313.285764571853,8.436101552245894,1.8463144896968455,0.6278224175598297,80,SIM_ATTACK
0.4081618219098112,34,1474.1628455111804,47.02393601954338,36.27635855703452,3611.711743674342,43.357730750328834,0.45499461683112846,3.515901155190142,80,SIM_ATTACK
0.31636178211876437,34,697.3624570413533,72.66560841061936,34.806285862741916,2204.3195368635224,20.510660501216275,1.0012054333308764,2.7360821906037422,22,SIM_ATTACK
0.5610748708633211,46,1494.5387969926069,44.93323959708935,37.05225358534492,2663.7065293852365,32.48997384766537,0.830890049475927,1.052827313537115,443,SIM_ATTACK
1.0190084484027593,35,2703.430692095025,16.055542385235928,18.291572258279157,2653.001254633861,77.2408769170007,1.1040704261010987,0.9416624984042684,443,SIM_ATTACK
0.5328406268135721,34,1399.662907203534,40.39565242010689,23.413295863965608,2626.794648849555,41.16655609422158,1.7574073083709751,1.1906964117230958,22,SIM_ATTACK
1.1786043699263802,15,1997.6538347902883,8.175223579565316,4.551693427315419,1694.9316375902024,133.17692231935254,1.2275388093945634,0.5483207839781742,80,NORMAL
0.37078015022841193,45,929.065065571628,74.89880480085785,46.46691548454207,2505.703352780065,20.64589034603618,1.931009088336309,2.0101775897214926,3389,SIM_ATTACK
1.0847196804290495,31,3417.1911571215032,18.24813939648807,10.330672769746688,3150.298845661092,110.23197281037108,0.47488652332396697,1.6058192995445537,3389,SIM_ATTACK
1.1386907330145093,31,6182.884183186031,19.870856567077723,7.353392389381462,5429.818653935817,199.44787687696873,1.9120534592936669,0.7680720125942091,80,SIM_ATTACK
0.8869660836982908,39,2900.7534791517096,24.60164769819162,19.368466511120346,3270.422096701531,74.37829433722332,0.48561936271131295,0.49092825359057346,22,SIM_ATTACK
1.1401790838739767,40,1708.0228613913473,22.229328289799902,12.852879905155177,1498.0303406268538,42.700571534783684,0.6372358178224401,0.5167599465031603,443,SIM_ATTACK
0.9546724083881936,44,4522.141042654033,28.099932080492625,17.989176197274322,4736.8510945958105,102.77593278759167,0.7136951552208499,0.9091650456129976,22,SIM_ATTACK
1.6050877195367799,37,4723.584323250875,17.132116280608273,5.919583355270824,2942.8823520088217,127.66444116894257,0.640604068408619,0.8306921555352246,3389,SIM_ATTACK
0.3841111597645414,39,1009.1610046725374,54.934386934364504,46.59872140830078,2627.2629134002486,25.875923196731726,0.5662136383086934,0.9992277641024636,3389,SIM_ATTACK
0.842677910486459,8,1232.9720579687712,5.505849003266032,3.987695209114923,1463.159343119608,154.1215072460964,1.3116963321339692,0.5130570810361169,443,NORMAL
0.3506115561589528,42,1313.9682167089595,65.09917382648553,54.69151550538275,3747.6466295174273,31.28495754068951,0.7129606046856608,1.3264480434732169,80,SIM_ATTACK
0.8040809831978645,39,2438.880212703888,31.641935434219686,16.860641812285177,3033.127587478014,62.53539006933046,0.7164981111801841,0.5681354393183314,22,SIM_ATTACK
0.9136719951069795,39,3763.4632180582876,20.599465560952545,22.08543690826847,4119.052831008171,96.49905687328942,0.9910397154638132,0.7812704487393681,3389,SIM_ATTACK
0.8394995966898664,37,1348.5565194212536,21.078439563233243,22.995435094825456,1606.3813785481143,36.44747349787172,1.2190231197371533,0.961266823257316,3389,SIM_ATTACK
0.7055963750876839,16,481.03122256340106,16.014689799598894,6.661163655588844,681.7370943885925,30.064451410212566,0.9544892562303793,0.8828694961427691,443,NORMAL
1.0856678759509062,13,873.0475205613483,5.930531047669849,6.043665009861709,804.157090672569,67.15750158164218,0.9381448201989546,0.6853330163136551,53,NORMAL
0.214336451076885,30,768.3941279338025,66.52638661473168,73.44047319502903,3584.990439438462,25.613137597793415,0.9636784892716044,0.9025331525455421,443,SIM_ATTACK
0.3787451616111435,51,1381.7000081894016,94.83066012858349,39.82452538732163,3648.099430001402,27.0921570233216,0.7392965781025688,1.7585979315241618,3389,SIM_ATTACK
1.382291107508253,19,3246.342203349621,9.540657999787927,4.204637688505837,2348.5228152856644,170.86011596576952,1.6130714303773495,0.9478087675850783,80,NORMAL
1.9640165349348058,38,3871.2685968963874,12.691286703311025,6.6568192439036125,1971.097762180954,101.8754893920102,1.158886832481618,0.5789738354754594,3389,SIM_ATTACK
1.4622669861706796,26,4612.726720835444,10.214919104947201,7.565691580990292,3154.5037701460046,177.41256618597862,0.6778429952471933,0.730806502660356,80,SIM_ATTACK
1.1180219515531593,11,1303.8235736040428,4.828253342493601,5.010551686977215,1166.1878121380062,118.52941578218571,0.6136498953044826,0.7967875253600385,443,NORMAL
1.9764875800037014,13,5627.1460081461555,4.353839603953681,2.2234848030004244,2847.043444682621,432.85738524201196,1.2161788529956736,1.4175199207677023,22,NORMAL
0.8165765372730462,16,1483.7426261920657,13.903355242433266,5.690643935441633,1817.0282373615798,92.7339141370041,2.2495701914716313,1.2120983717184133,53,NORMAL
0.2542685094658337,35,580.4372964855884,68.42442842797234,69.22533431114098,2282.773032747818,16.583922756731095,0.7880413913829882,2.0458172756877495,22,SIM_ATTACK
1.266699427890901,35,6365.648756007101,19.327833407561478,8.303030891695553,5025.382198684758,181.87567874306004,0.9909711423907884,1.3960713399667046,3389,SIM_ATTACK
1.262768164722009,35,3619.2161858006184,14.184035574322346,13.532849423095248,2866.0971086465165,103.40617673716052,0.7777220311590523,1.9696104662365492,80,SIM_ATTACK
0.5680452813262963,40,3638.2071450949397,46.262240345734384,24.154681183137924,6404.783676048323,90.9551786273735,1.1665135649201444,0.9854528199750184,3389,SIM_ATTACK
0.49499374288006087,31,7796.640527469299,44.13436526502114,18.492689007685968,15750.988047051856,251.50453314417092,1.0999747562883981,3.3881801742085234,443,SIM_ATTACK
1.0733476985408583,36,3133.4342071220954,19.615353465525818,13.924570315872796,2919.309568913952,87.03983908672487,2.320786781053714,1.1614331928881991,80,SIM_ATTACK
0.5083512211992017,38,693.8117630459114,51.64936211283571,23.102105800151513,1364.8275721836724,18.25820429068188,0.6163705952830464,0.6445088035073493,22,SIM_ATTACK
1.1351636333295074,45,2530.290936700676,24.47218007109196,15.169681840932238,2229.0098646652123,56.22868748223724,0.9682656235473028,0.5743032832098296,443,SIM_ATTACK
0.6094780473691566,40,3059.7519145220226,40.780903488187505,24.849023910612274,5020.282400210474,76.49379786305056,3.0514306878687942,0.4847562939554731,80,SIM_ATTACK
0.43435505436273636,34,3326.2094192208374,49.688895975042655,28.58807964317151,7657.812164983052,97.82968880061287,0.5185843947936638,0.8677799449218746,80,SIM_ATTACK
0.8667953766313682,37,2646.5579508838305,31.744139863751503,10.941828471466561,3053.267267263427,71.52859326713056,0.8898300126586708,0.5255649187263455,443,SIM_ATTACK
0.5280190130840136,35,4759.681167287846,31.890160047556233,34.39533182436452,9014.223066491222,135.99089049393845,2.1773726704132965,0.8479155604063697,22,SIM_ATTACK
0.64651850351187,29,2044.9989825932819,31.121914793850852,13.733723277562152,3163.0942834348994,70.51720629632007,2.0896286204905246,2.0228577602195252,22,SIM_ATTACK
0.9815930479732584,47,9459.29782671595,23.506792916135478,24.37455679089752,9636.679728169438,201.26165588757343,0.6581967778091697,0.2557173843746033,80,SIM_ATTACK
1.1559863935616503,36,3701.2138812948356,22.686338731726845,8.455896333066821,3201.779797676697,102.81149670263432,1.1749639281031072,0.6014431941915404,22,SIM_ATTACK
0.9405012334604347,12,790.9312763854791,9.142586159941665,3.616567760407573,840.9678246517178,65.91093969878993,0.9264291875446532,0.2621604353083637,22,NORMAL
0.9314603950797392,11,1303.919936728404,6.657132569994516,5.152279894674287,1399.8662139755065,118.53817606621855,1.0781202111686947,0.5359374879440579,443,NORMAL
0.7867856539103159,39,2625.5121579939737,26.829311570560222,22.73946209247041,3337.010715618934,67.32082456394804,2.0711890827720683,0.9632891757830138,443,SIM_ATTACK
0.5266432442959285,29,2353.238742422935,39.37772691131614,15.688013158643784,4468.373548717956,81.14616353182535,1.4645284820707272,0.9216347902879107,3389,SIM_ATTACK
0.6860781131461472,14,880.62644875273,14.922151795311489,5.483687906818382,1283.5658679074352,62.90188919662357,0.6632898823652784,1.4041380923484272,443,NORMAL
1.3668961705633977,10,2478.6045249690646,3.4053961779688033,3.9104484453124733,1813.3085587235576,247.86045249690648,1.0336695077122549,0.6371909287688771,22,NORMAL
1.8663319724615486,15,1403.1707037786798,5.548231905965823,2.488923445456546,751.8333953889272,93.54471358524532,1.1863534729037502,2.658890265289523,53,NORMAL
1.8182834352966595,36,5928.473597114368,10.539068273945617,9.25982517751811,3260.4782521967572,164.67982214206577,1.4551307412696681,0.6375514697604651,3389,SIM_ATTACK
0.3269688710600917,38,747.234512997874,85.52707985005581,30.691934751539705,2285.3383888662115,19.664066131523,1.4891715638000695,0.5399589968371828,22,SIM_ATTACK
0.7305891127378492,33,1876.5780327082891,26.20473302587656,18.964294851275913,2568.5819840318986,56.86600099116028,0.970868910064037,1.0404313573762198,443,SIM_ATTACK
0.5565401057778024,26,2723.6581874031017,32.3357779140212,14.381430298068459,4893.9117938259005,104.75608413088852,1.4447286705822073,2.103274657751749,80,SIM_ATTACK
2.0176040549861596,11,2853.021793910146,2.8585080348270306,2.5935032122833235,1414.0642644226432,259.3656176281951,1.2932418804599457,0.2032441935236737,443,NORMAL
0.8860745063016373,41,2194.2933339434876,34.42397322538373,11.847530703928939,2476.4207956983096,53.519349608377745,1.2356789613068526,0.9289086467185808,22,SIM_ATTACK
0.43031659420284835,11,783.593459128545,18.46589095645143,7.096683548436648,1820.9696527742183,71.2357690116859,1.3252286947956435,2.018461350337376,53,NORMAL
0.5214571883310328,33,2129.277463482972,32.42948299834865,30.85471508820808,4083.321720615075,64.52355949948401,0.6478317545649964,1.2329972365006658,22,SIM_ATTACK
0.864205412939749,46,2417.1631097813647,33.83208175843513,19.396004193402163,2796.977516675061,52.547024125681844,1.1789336339971834,1.1329786188996434,443,SIM_ATTACK
0.8303912129842643,14,598.3585486141742,11.907869662265643,4.951653633611642,720.5742778319993,42.73989632958387,1.2902814470466364,1.3027914443195512,22,NORMAL
0.8257379033140453,33,872.4746427324559,25.433708302474248,14.530546538628055,1056.5999686230168,26.43862553734715,0.6856962865584941,2.4639343727405043,3389,SIM_ATTACK
0.3294502149249386,36,591.120210452494,61.50516388497203,47.76779563700668,1794.2626341499697,16.42000584590261,2.103715773897198,0.6045206351108204,22,SIM_ATTACK
0.9720076567903998,19,1190.1457468775725,11.291681234410431,8.255489888437102,1224.4201355444786,62.63924983566171,0.48562918474769246,1.0560136957783717,80,NORMAL
0.6681345798679527,27,1653.8992213104982,22.409410209439386,18.00160998552817,2475.398327141469,61.25552671520364,0.6635545564876355,0.4145928564606646,22,SIM_ATTACK
0.4850243242490062,8,674.1535356937314,11.071937052334167,5.422081082502483,1389.9375804245817,84.26919196171643,0.9855296421548521,1.580391638514997,53,NORMAL
0.6336191007694841,22,1607.9989934795658,17.66444697636184,17.056728526842857,2537.800693708205,73.09086333998026,0.7994665960201729,1.9740953886724035,22,SIM_ATTACK
0.6819713446150634,18,858.0223006571199,14.704273858109776,11.689797010307789,1258.150078345928,47.66790559206222,0.9614458135323981,0.9645384331620962,53,NORMAL
1.9821253665453016,41,3092.6399514051136,12.79837101079265,7.886496198923744,1560.2645542019156,75.4302427171979,1.300469611248158,0.5554039240060393,443,SIM_ATTACK
0.600308547713148,13,429.7611714718443,10.453708983902168,11.201821408798374,715.9004700316241,33.05855165168033,1.2837447260724635,1.019789611126872,443,NORMAL
1.042884573028572,11,741.6502938648665,4.994990352114828,5.552677419070653,711.1528092807903,67.42275398771514,0.9298503741297997,1.200161872900777,80,NORMAL
0.9404965350974124,33,1385.4543366658274,18.265744296381378,16.822104269251042,1473.1094533190687,41.98346474744932,0.5957432704886927,0.9341297180416316,22,SIM_ATTACK
1.2085269308304263,23,5764.108510551808,13.803140615470753,5.22829295315961,4769.532530475811,250.6134135022525,1.2559725586053763,1.031435965621019,80,SIM_ATTACK
0.9904109036222136,25,3495.535788328296,18.73823827510697,6.50381016011109,3529.379347040839,139.82143153313183,0.7091597028020159,0.7868023049658963,443,SIM_ATTACK
0.7566424638803253,14,720.1172657975889,11.666523872292245,6.836270602396816,951.7272690519873,51.43694755697063,1.5153468700994739,0.6046306683814571,443,NORMAL
0.7199955962430645,29,2369.697469429537,29.253473749271922,11.024550382156018,3291.2666157885033,81.71370584239781,0.9759248544738518,4.666346568073101,22,SIM_ATTACK
1.3576093096161146,30,7352.260457437989,14.507089514095469,7.590578634985633,5415.593724469197,245.0753485812663,0.8027208648623037,0.8113770381779665,80,SIM_ATTACK
0.6559864569486972,10,470.13477857008166,7.393158936945614,7.851058217345532,716.6836656306908,47.01347785700817,2.2797941282442533,1.4290006744565722,80,NORMAL
0.7898691210370311,13,655.886332385258,10.234032341366182,6.224390521059563,830.3734313909309,50.452794798866,0.48030390465959394,0.5466446652153905,443,NORMAL
0.4092808205694134,11,222.96765395940514,19.947787157754828,6.928624946521673,544.77914124879,20.269786723582286,0.5787619308490364,1.301854879641837,53,NORMAL
1.1496207924754975,11,1525.906294778902,5.604698312290897,3.9636742084544148,1327.3127145631584,138.71875407080927,0.7151171756024732,0.8832493257113821,22,NORMAL
1.1214311555601866,9,2643.7732269148823,4.192921516183905,3.8325376975867744,2357.499355896032,293.7525807683203,0.5560458525499092,3.4843688152622048,443,NORMAL
1.0426969093290315,8,1102.4743241070992,4.53908842366606,3.1333233082800396,1057.329617306082,137.8092905133874,0.7612571051772907,0.6991453091242898,80,NORMAL
0.49779392635149405,37,2467.886058836403,39.65825046028358,34.66969538507044,4957.645981991794,66.69962321179469,0.8037229149391735,2.838868399506831,443,SIM_ATTACK
0.4910794576705453,36,729.0542023989942,36.74279629828154,36.5650960146395,1484.5951933263336,20.251505622194284,1.240805743683576,0.9382575880008734,22,SIM_ATTACK
0.8387139186416149,41,5836.155460857967,24.181929836350452,24.702438347742397,6958.457861663048,142.34525514287725,1.3719055464318404,1.1615898169113714,443,SIM_ATTACK
1.1507523277257525,30,2729.930605215574,14.365335638749977,11.70456600488989,2372.3007457310755,90.99768684051914,0.7793224499416987,0.32608732084492176,80,SIM_ATTACK
2.790839623752701,12,6633.856395198858,2.5917481540379512,1.7080331368211077,2377.0109678601475,552.8213662665715,1.009634486359383,3.329058357613991,80,NORMAL
0.2978894656505449,41,2308.8611350402603,64.61249289986323,73.02245135861294,7750.731063947031,56.313686220494155,1.1079440437897303,0.7487729523499178,80,SIM_ATTACK
0.4907270472396284,10,387.8910981985897,12.358115112200455,8.019811998707027,790.4416526060718,38.78910981985897,0.8537375332020983,1.4256157994357903,443,NORMAL
1.7286072509102688,35,5665.09658159654,12.752427228576307,7.4950870529756894,3277.2606840642097,161.85990233132972,1.6800863441201301,1.044633525455032,22,SIM_ATTACK
2.2443976980426985,13,1630.9002275581336,3.7544902965751055,2.037709548994635,726.6538497078367,125.45386365831797,1.0544936523646367,1.112754735118237,53,NORMAL
1.412984583502895,37,9343.593774813413,19.276893376278334,6.908813412025204,6612.665052331952,252.52956148144358,0.6421399575688729,1.7540913792751622,80,SIM_ATTACK
2.076304089954529,12,3728.843825446281,2.8738267950159155,2.9056734516280134,1795.904484071956,310.73698545385673,1.2118248025599292,0.5351266760861747,443,NORMAL
0.7705417351882924,12,715.5730131047632,10.296319471046647,5.277139372253561,928.6622390802792,59.63108442539693,0.6929924406534489,0.8240035541002739,443,NORMAL
1.221264885890928,19,725.9125084627386,10.78972497957454,4.767915479513302,594.3939900746236,38.205921498038876,0.9388235740540299,1.508880863217303,80,NORMAL
1.903445292220574,8,5008.083383720484,2.960374246517703,1.2425308922305396,2631.062423589813,626.0104229650605,1.353703731701757,0.8866184131236586,53,NORMAL
0.9603991415783961,23,2539.7513541809813,17.454483189325792,6.493893068278911,2644.474827421183,110.42397192091222,0.8203655095532989,0.8751317586940389,443,SIM_ATTACK
0.452517942951844,36,648.6989722092134,53.434195541610656,26.120660924779322,1433.5320451110742,18.019415894700373,1.5210454994564993,1.1377605904363122,443,SIM_ATTACK
0.9429225948386257,20,880.3683218710577,9.95889356609617,11.251755228912133,933.6591642728916,44.01841609355289,0.7112983587553564,0.3413492054756292,443,NORMAL
0.697857664099519,13,640.4815299526807,9.471659491085461,9.15678104739391,917.7824689782929,49.26780999636006,1.0190130023818502,0.5994965385347282,80,NORMAL
0.6559329024000871,38,1270.3754696999806,40.810309637508404,17.122445162496817,1936.7460681597486,33.43093341315738,1.2309700989595114,2.4097696727563123,22,SIM_ATTACK
1.9812231558392657,33,7037.944244980064,8.289724245758178,8.36665285277259,3552.3228285703744,213.2710377266686,2.6669891814084705,0.5266167384766087,22,SIM_ATTACK
1.0385823351744043,14,2341.5391862851734,7.14558802620854,6.334325434527382,2254.553256860439,167.25279902036954,0.6079895815040669,0.7556036499004335,80,NORMAL
0.5213539723524653,8,407.8338537050502,10.89275407607106,4.451906987701442,782.2590319295219,50.97923171313128,0.763782775538139,0.7194970130282343,80,NORMAL
1.1838682730464232,13,863.4131363884783,8.125276737023846,2.855674688042539,729.3152084958537,66.41639510680602,0.7684860761099851,1.352744991594255,80,NORMAL
0.47931218662833647,7,649.5627945159964,8.176416096675249,6.42784433167032,1355.1977450965044,92.79468493085663,0.8341156330837537,0.543664853260738,443,NORMAL
0.4037552757182887,46,2208.5276069760453,55.48212865735884,58.44827118240816,5469.965941737927,48.01146971687055,0.6181559332918101,0.6580315411717843,22,SIM_ATTACK
1.450092120221525,17,2718.523584171495,6.244503473225149,5.47888965672509,1874.7247476637529,159.91315201008794,1.2308429539671017,0.6412715274930982,80,NORMAL
0.8890078737327479,34,3697.997566765346,27.2607733554809,10.984107263226676,4159.690454976816,108.76463431662783,0.8453777519512794,0.8142523288684164,22,SIM_ATTACK
0.4810803375360547,16,362.84889147284144,19.613369942655783,13.64510842698009,754.2376255309907,22.67805571705259,0.6981993254544546,0.3270758249041942,443,NORMAL
2.13403913313537,28,7038.846506976534,8.07940324911278,5.04125586404129,3298.3680559947984,251.38737524916195,1.2021355373426046,0.49788372964810856,22,SIM_ATTACK
1.0849001523926514,37,2867.415840183378,22.821455000349243,11.283065971834024,2643.022801554176,77.49772541036157,1.1413498060084961,1.4805364947405304,80,SIM_ATTACK
2.2302800950779336,12,2474.5408231820056,2.8873879360483565,2.493102176598539,1109.5202027059909,206.21173526516714,0.6187520469511502,0.7487028513610405,80,NORMAL
0.8640837405846158,14,437.82670400475376,8.069986841843757,8.132146519128845,506.69476052000704,31.273336000339555,1.1703479255689284,1.2961154092534732,53,NORMAL
0.9660217134187563,13,1388.9232345297348,7.5402899724357235,5.916964475803257,1437.7764135490575,106.8402488099796,0.6881049001859767,0.9518406655661769,443,NORMAL
0.5794823014112355,34,1466.603637045823,39.6199030071706,19.053157269560025,2530.8859881900567,43.13540108958303,1.5412768141988344,2.1469127996719153,443,SIM_ATTACK
1.0275494499427666,23,704.2894152992419,10.29450065332669,12.088850338959933,685.4068340345761,30.621278926053996,2.6173922867406025,0.39443762854785674,443,NORMAL
2.485936439555185,8,2613.1063011720917,1.8242261658511427,1.3938770296720142,1051.1557172554508,326.63828764651146,0.5104973216330752,1.49173979632184,22,NORMAL
0.7854639187190899,39,3526.4606577730724,29.640538653943256,20.01164659678091,4489.653278439466,90.42206814802749,0.7646419959409282,1.1025596177393595,443,SIM_ATTACK
2.910281427981866,22,16328.154541825468,5.5943219502716754,1.965084431693211,5610.507074962927,742.1888428102485,1.0210523046093174,0.5145194913359469,80,SIM_ATTACK
0.6021680217477533,36,1335.0825118197158,38.277281481369634,21.50669690976504,2217.126223250325,37.08562532832544,0.9392371310087398,1.461819733977681,3389,SIM_ATTACK
0.7733470369958878,28,3571.055684730462,23.33478758771155,12.871467380003399,4617.66259375925,127.53770302608793,0.7265549244718819,1.3339594941303674,22,SIM_ATTACK
0.4209101860935016,13,269.8988691673376,17.020486530914866,13.864962264358908,641.2267464284693,20.761451474410585,2.238543055068613,0.7974362121981193,443,NORMAL
0.6899483827602775,33,953.6520522663478,21.84051874568176,25.98914623298933,1382.2078232158044,28.898547038374176,2.2583810813201426,1.6209722702205696,22,SIM_ATTACK
0.5237002271666048,37,1012.2659833818941,46.66152943590794,23.98957606424146,1932.911102327748,27.358540091402542,0.6664987182387416,0.9802459046474878,22,SIM_ATTACK
0.6156511690696999,8,864.8711495742758,5.973495158930246,7.020876332459376,1404.8071262191675,108.10889369678448,0.3796478452046883,1.5159884875195828,443,NORMAL
1.2692604083364323,34,2602.7765833116546,16.936669671688986,9.850583579645317,2050.624573347409,76.55225245034278,0.7854164872132854,0.9026899156051139,443,SIM_ATTACK
1.4270555847328106,13,777.0351245191008,4.334130215721675,4.775535966225965,544.5023535397789,59.771932655315446,1.4623677765972054,1.482381631105579,22,NORMAL
0.9346458689687053,40,2828.9565218815956,20.45661173047834,22.34034627045551,3026.7683363358638,70.72391304703989,0.6421659393606686,1.5108988402196972,22,SIM_ATTACK
1.2633345217513032,14,1354.8405248899003,6.769786200593074,4.3119975700209325,1072.4321243210757,96.77432320642144,0.5902846896014273,5.552161618427626,80,NORMAL
0.7449240706250359,39,10490.67023155792,36.75385872783956,15.600470441946392,14082.871859350202,268.99154439892106,0.6657372507209735,1.527642493141855,22,SIM_ATTACK
1.06161923689322,42,3040.040054528602,20.801753821886393,18.760453173261013,2863.587950257137,72.38190606020481,1.2779604770365265,1.3726348627277074,22,SIM_ATTACK
0.8666462801875616,6,911.0303254711978,4.80067336334791,2.1225664141325478,1051.213564632194,151.83838757853297,1.0707364336479348,0.6266904444187071,80,NORMAL
0.7954480680551278,14,354.2079259640715,8.640632829600328,8.959510488655543,445.2935901021302,25.30056614029082,1.841907856193609,1.5924780083671195,443,NORMAL
0.5421380984221207,10,775.4238181312724,9.276615753810008,9.16886894668374,1430.306817373883,77.54238181312724,1.963879902755918,0.6079394836183446,443,NORMAL
1.3749991895306481,14,1347.5058243313092,5.417390187229094,4.764433996084685,980.0048135237638,96.25041602366494,1.2773598446677576,1.5878804640972606,80,NORMAL
1.3087306768406795,12,1212.4551104035986,5.874046905208868,3.2951429153953296,926.4359213543512,101.03792586696655,0.7654794587370851,0.9859973308461569,53,NORMAL
0.535176987272912,14,541.4320282288877,15.42300772632617,10.736562533485358,1011.6877988118462,38.673716302063404,1.0827957515815159,0.6415738470033987,80,NORMAL
0.810258955436393,37,2788.8861785699605,32.94806665274145,12.716346868084578,3441.968965425269,75.37530212351244,0.43510803773085543,1.0655275699269962,22,SIM_ATTACK
0.9496041582119383,11,1357.9378674023922,7.355387081380822,4.228386962650854,1430.004129256687,123.4488970365811,1.086396371416929,0.7686761237469065,80,NORMAL
1.168831738401615,11,707.5542603817004,4.564740036019351,4.846366489067461,605.3516833391994,64.32311458015458,1.2401425284730756,1.7597687331039864,80,NORMAL
0.3782833915428664,30,927.9945526800689,46.210162124185494,33.095460778374466,2453.1728683491783,30.933151756002296,1.1155375039645812,1.0175397207570787,3389,SIM_ATTACK
0.5998113194385785,10,805.8109300144723,8.561864736368012,8.110044705687816,1343.4406852620068,80.58109300144723,0.6544360224799362,0.5772901275538598,53,NORMAL
0.7087615502862419,40,650.7170404938635,30.140358781912337,26.296111260580115,918.1043190492819,16.267926012346585,0.6807112808856052,1.20910663512167,443,SIM_ATTACK
1.0922679368985395,13,754.7427074501105,6.663334586036012,5.238507041681352,690.9867825958333,58.0571313423162,0.975541492841699,0.5655572739059509,80,NORMAL
0.6733313379142817,26,2311.741424320694,27.863481086799602,10.750494731610807,3433.289517582189,88.91313170464208,0.8383522488419447,2.4257294271355043,3389,SIM_ATTACK
1.5317473542940017,38,7461.432323363991,16.456505653020347,8.351763082338167,4871.1899533869555,196.35348219378923,3.3523128305055234,0.306359045939338,443,SIM_ATTACK
1.4841271445471156,29,5526.538389456064,12.928238027025087,6.611866812745506,3723.763432103048,190.5702892915884,0.9296959468197274,2.4842932699896814,3389,SIM_ATTACK
0.44688829303789235,29,850.4357577341274,43.575419102326485,21.317755437694522,1903.0164159212325,29.32537095634922,1.0917397132570794,0.994898824920648,22,SIM_ATTACK
0.5061269097918324,47,1671.6985151350336,48.78381165693876,44.07827311016219,3302.9236003724745,35.56805351351135,2.0520755363730454,0.6473652225888658,3389,SIM_ATTACK
1.0833903062318115,13,965.2202419940438,7.740179351881523,4.259189596891781,890.9256769623679,74.24771092261875,1.2705873475298741,0.7143532474870964,53,NORMAL
0.7865927734961798,33,963.7796582495786,27.07514539101959,14.87794788915948,1225.258724366172,29.20544418938117,1.694701655166016,1.5669053672357738,80,SIM_ATTACK
1.1685064760259978,17,2280.502998748081,6.724600857353917,7.823885050756506,1951.6391612170603,134.14723522047535,0.6310769543594587,0.9484776304178933,443,NORMAL
1.8422015439250194,33,2129.194396937561,12.245289286588093,5.668060155997736,1155.7879776829798,64.52104233144125,0.8991426245046782,3.9021634020577958,3389,SIM_ATTACK
1.0000421974359939,14,383.6238547319196,7.596903000815968,6.402506260007796,383.6076674719247,27.401703909422828,0.8445679587586615,0.4263838920790656,443,NORMAL
1.1928675108654532,10,2738.9580213635177,4.659719757687767,3.7234409109641673,2296.1125157783363,273.8958021363518,0.9254278923158636,1.0018088153835167,80,NORMAL
2.021300125090263,13,2726.287439792487,4.029685462208295,2.4018186170879314,1348.7791377199574,209.71441844557592,0.5333417868643926,0.32097897939034203,80,NORMAL
0.6958556550904368,15,1529.0306215230603,15.285067005687209,6.2711277169820026,2197.338787631668,101.93537476820401,0.8356594136085649,0.35865108945275825,443,NORMAL
0.9750569087925709,39,1622.9847928749539,27.546392900286417,12.451272516283314,1664.5026338870034,41.61499468910138,1.446216516189066,1.3759209302987032,80,SIM_ATTACK
0.5713416353567646,11,626.6283421890157,12.654391084966514,6.5985380195809515,1096.7664588241119,56.96621292627415,0.8078458833075998,0.9123446027800938,443,NORMAL
1.103390871027284,17,1079.4005781672147,7.471560040716992,7.9354914823507885,978.2576659912605,63.494151656894985,1.600992526994097,0.39803295594794397,443,NORMAL
0.5972575448922788,7,552.4510278294002,6.3952521765643064,5.324984863325274,924.9795712987437,78.92157540420003,0.7017325462187399,1.6459302652453824,22,NORMAL
2.661695122527519,42,10290.320540137598,7.341668762486779,8.437749264968303,3866.0778437937747,245.00763190803804,1.2431142112647025,2.3342946292254783,22,SIM_ATTACK
1.6518099316679724,25,2837.0841778043186,8.957795161849088,6.177118075266142,1717.5609150984305,113.48336711217274,1.3924813344604707,0.8643821612644019,3389,SIM_ATTACK
0.525814055855404,36,2364.938325271483,43.57747161680284,24.88779590335605,4497.670419677462,65.6927312575412,0.8187357157410219,0.7908190958751654,22,SIM_ATTACK
1.7893498879456857,51,4927.031353260489,18.994148218864805,9.507823555113958,2753.5315403948794,96.6084579070684,1.8851598545980375,2.3987982831645955,443,SIM_ATTACK
1.447309529762379,14,7510.273912735438,7.022039816313607,2.6510810414607056,5189.12765949139,536.4481366239598,0.7513713209898032,1.401926528434885,53,NORMAL
1.3945451844429022,36,5575.544613503353,19.052406370669033,6.762461732282688,3998.1096888808884,154.87623926398203,0.6097482707303961,1.567661949070661,22,SIM_ATTACK
1.3082755637690713,38,4467.7772916749645,17.86735798948718,11.178510520449713,3415.012414359815,117.57308662302539,1.4456564954854103,0.9745419779010154,22,SIM_ATTACK
2.742378134673628,40,20231.151748597833,8.91457490493248,5.671305683252864,7377.229089162628,505.77879371494583,1.0205973269708608,0.5158540518226208,443,SIM_ATTACK
0.6081925635450507,41,5120.591833954386,39.17236156675887,28.240498204195895,8419.359493821052,124.89248375498502,1.835358377602235,1.028082628463953,80,SIM_ATTACK
0.6534328457743969,21,4211.232263995353,15.300420804058971,16.8375412463679,6444.782032657899,200.53486971406443,1.325643548792952,0.7320947785730763,443,SIM_ATTACK
0.32618328871152064,32,1555.7942049882515,62.836805256793795,35.26754621505944,4769.693172001247,48.61856890588286,0.655400399495875,1.9184396004034272,80,SIM_ATTACK
0.5254577563244189,29,2100.485636509732,31.887526538988663,23.30244763296994,3997.4395871566257,72.43053918999077,1.3647439535847568,1.1128106204334307,80,SIM_ATTACK
0.9759350899640451,11,465.0060830314762,7.699901510171114,3.5713399003670157,476.47234720150055,42.273280275588746,0.9083601336544749,2.2689131991074993,443,NORMAL
1.3606869891482338,13,1994.7827391965193,6.593547479761028,2.9604499521816194,1466.011474428236,153.44482609203993,1.3266635415249681,0.8858417363981814,80,NORMAL
1.1067177340802763,12,724.0368903526476,7.661503690816261,3.181369456032197,654.2200129776986,60.336407529387294,0.8955829721553678,0.863620634931131,53,NORMAL
0.7559453883646637,7,1315.5356599299298,5.444695358841476,3.815232815524527,1740.2522459669042,187.93366570427568,0.9220069548735207,1.3361289930462248,443,NORMAL
0.36745923196399677,36,1132.5540737481056,69.45143683919716,28.518614988286217,3082.121702848037,31.45983538189182,0.6625744941731997,0.5030579649523573,3389,SIM_ATTACK
0.7881748028678837,35,1493.105577634628,32.739347183138534,11.667045754884391,1894.3837993827708,42.66015936098937,0.6589652586749486,1.3284357100238338,443,SIM_ATTACK
0.2474008134014296,36,514.7704242857842,98.15684448500983,47.35601582069512,2080.7143566279383,14.299178452382895,0.5930922949958292,1.0666311902731396,80,SIM_ATTACK
0.34414530669263266,44,1111.3572513568301,90.6299723478067,37.222998895232294,3229.3256067833563,25.258119349018866,2.332488864106457,2.990839956031408,22,SIM_ATTACK
0.9519500231549843,16,636.1935607767066,12.577207658092028,4.230397374546417,668.3056308651717,39.76209754854416,1.0291651107639128,0.7492495454355892,22,NORMAL
2.174367498647854,29,2374.4431974910854,7.513221872401897,5.823989991753478,1092.0155856669353,81.87735163762363,0.45749559873387385,1.3696286372552797,80,SIM_ATTACK
0.6497556045875389,15,1062.0038937451627,17.083837380780672,6.001765719975825,1634.4666921639202,70.80025958301084,0.5662680967625923,1.2621510732130499,80,NORMAL
1.5684569191689792,14,1610.5660302771946,6.460706594659957,2.465263783549517,1026.8474770289044,115.04043073408533,0.7320647970380938,1.767903197837722,443,NORMAL
1.141140780036671,38,2652.6528139414318,22.09324292576168,11.206767611745228,2324.562280436764,69.80665299845873,0.661798918633561,0.5145324642163338,3389,SIM_ATTACK
0.5788362334316975,18,660.6903730985387,16.321407935438035,14.775470525823657,1141.411568487272,36.70502072769659,1.0222665569612641,0.7538232040366454,443,NORMAL
0.9539621559594575,13,1136.118286355089,7.145293630080328,6.482081333159291,1190.9469146733875,87.39371433500683,1.8627378180305678,1.301501138067517,443,NORMAL
1.7570224796921072,12,1506.385691920459,4.627694479555758,2.202041701225962,857.3514051934221,125.53214099337158,1.8870697485467105,1.2829775767024856,443,NORMAL
0.8621849460347099,10,500.51207662695197,6.954428429611198,4.644011146481121,580.5159077862191,50.0512076626952,0.791443031322349,1.9957709217124364,443,NORMAL
1.2939573056553213,11,1706.459806160928,5.6609054838973085,2.8401477980957006,1318.7914305230465,155.13270965099346,0.4768265771266803,0.7460772360885914,80,NORMAL
1.299648601521773,13,1161.2950933288903,5.574701904528604,4.4280018915422374,893.5454491076412,89.33039179453002,2.85055126357494,0.24782398995205815,80,NORMAL
0.3032018528162006,30,418.848644873854,71.3961643896717,27.547822005377952,1381.4184873327865,13.961621495795134,0.9957273205114276,1.5451598243362146,3389,SIM_ATTACK
1.5932668108276884,13,809.9775689333153,5.094869956729387,3.0644665157642637,508.3753476999492,62.30596684102425,1.958121710807578,1.1515415488745513,443,NORMAL
2.5922600646271343,16,4957.859748496293,3.2849807740892394,2.887239451160965,1912.5626383514195,309.8662342810183,0.8120767031460504,1.616827363375485,80,NORMAL
0.9117119512059546,14,824.8233990223424,10.467695504975842,4.888031686580318,904.6973640427972,58.91595707302446,1.3576171821510405,0.8013765988726849,443,NORMAL
1.3601954239206786,11,6500.212440352795,4.6761655882306075,3.410907641506621,4778.881273998362,590.9284036684359,0.5405080215210978,0.4727757061596532,443,NORMAL
0.2141226767577147,33,406.7459012880197,99.00628833742904,55.11097051479588,1899.5928289662804,12.325633372364234,0.9827409533306549,0.27754789222248455,80,SIM_ATTACK
0.7633194236205741,34,2519.1860503842568,28.386224253444432,16.156072127186512,3300.303873357843,74.09370736424285,0.7489470919197739,1.259522723896373,80,SIM_ATTACK
0.1339626213462618,28,412.78853167791624,113.38399693071702,95.62953026525057,3081.3709640016314,14.74244755992558,0.6239969199682976,0.7259403713769079,3389,SIM_ATTACK
0.3403077245886369,41,1670.3537141502488,84.5023328535703,35.976860057964984,4908.362618478226,40.74033449146948,0.9369086578585634,1.1269974564864476,3389,SIM_ATTACK
2.18304152833308,13,2672.7640178556526,3.481296768736731,2.4736975963619936,1224.330358889926,205.5972321427425,1.0260407117751704,0.49798620766103036,80,NORMAL
0.6005945608980818,42,2092.9087978121715,47.318002044101625,22.612701186371375,3484.728191148785,49.83116185267075,1.8702175787661004,1.3960719105623078,3389,SIM_ATTACK
0.9865608847070687,41,2156.1673749887836,21.654295673774605,19.904213928168296,2185.539086752863,52.58944817045814,0.9007995189663685,2.958145401976852,22,SIM_ATTACK
0.6092684337534672,27,1699.7118022461066,25.567701498328027,18.747740602723297,2789.7585170707753,62.95228897207802,0.47784513588156025,0.5815222552685814,80,SIM_ATTACK
1.0259007726718037,14,714.407391291156,7.898861167733073,5.747682799223024,696.3708482552263,51.029099377939716,1.4779124041587388,0.8974279917699642,80,NORMAL
1.463060124773443,46,1863.7398877316605,22.52324567015543,8.917704172642843,1273.8641810911656,40.51608451590566,1.0168516202060385,1.7334861722485606,3389,SIM_ATTACK
1.4849793413209236,12,1319.9454988393063,4.354213104005184,3.726707395081168,888.8645532706092,109.99545823660885,0.7319911156093405,0.6041521247482482,80,NORMAL
3.069332637976009,16,1714.6380373351055,2.38598384969787,2.8268757152891233,558.6354558383019,107.1648773334441,0.7723842854988304,1.0164829330266512,80,NORMAL
2.282939726326326,15,4238.012751020579,3.5106300185392056,3.0598456830413108,1856.3839869046078,282.53418340137193,0.833446847097292,1.7634589354820656,443,NORMAL
0.24235148703587192,31,993.5355738304459,71.61246047630712,56.3009283753631,4099.564586881972,32.0495346396918,1.7248182930057137,1.8918754457538507,80,SIM_ATTACK
0.5940487951295298,8,480.2530621954659,8.951301996501385,4.515605209758723,808.4404280135755,60.031632774433234,1.104005371531262,3.0185648468454627,443,NORMAL
0.9043377896565279,10,833.2587556367478,5.644925861498454,5.412889165559136,921.4021189507338,83.32587556367477,0.9709348159367421,0.7113968668946229,22,NORMAL
0.8279313080759292,35,2693.1644280155383,30.559277776401206,11.714760732105308,3252.8839068476796,76.94755508615823,1.4372563031527663,1.1734701517834265,80,SIM_ATTACK
0.45366918158571135,28,1809.799838640286,30.110199409762178,31.60878247508067,3989.250123436833,64.63570852286736,0.531533010695106,1.1753153940742922,443,SIM_ATTACK
0.4581864065373447,9,347.68583741588026,11.820481705638949,7.822178730352073,758.8305380848132,38.631759712875585,1.0359423910324828,1.3468192640478092,80,NORMAL
1.487570032241602,31,2599.6376921745245,14.428567209965248,6.410787797265211,1747.5733147549101,83.8592803927266,0.9602030432770884,1.998978223808872,443,SIM_ATTACK
1.3628601712419437,11,2230.14439599187,5.790909609402196,2.280351281563564,1636.3706585977855,202.74039963562456,0.8697557195685972,3.0718235573531634,443,NORMAL
1.0092465803566937,44,2728.5757644748696,27.275797642417466,16.3210803221819,2703.5769232039615,62.013085556247034,1.1121904947313979,0.6420270828600743,22,SIM_ATTACK
1.183281561838027,13,1646.2642932462409,5.060981995706048,5.925414158229374,1391.2701307447476,126.63571486509545,0.5455623693793715,1.015345289752778,22,NORMAL
1.2945314125126484,8,1496.0140838433015,3.363436317913679,2.816405996203851,1155.6413922313257,187.00176048041268,1.2364758777263258,1.4428787442317499,80,NORMAL
2.3734600381763316,18,2893.5204580297705,3.7488451857645018,3.8350195983379747,1219.114883540669,160.75113655720946,0.5912665411931564,0.9506411894256449,443,NORMAL
0.7114395885663859,10,603.3660534363227,8.64651312379259,5.409494105367781,848.0917608930914,60.336605343632264,1.6069190598883023,0.7240727450272496,80,NORMAL
0.3645640315833263,36,2480.617948920588,65.9329469430182,32.81513811531727,6804.340894923441,68.906054136683,2.212025219035065,0.7121610037910078,22,SIM_ATTACK
0.9871518276457235,14,1164.2316841996114,9.501536748260923,4.680678801487748,1179.3846210832724,83.15940601425795,0.7774298730606336,1.1247888594468785,80,NORMAL
0.6507623395876411,33,2934.774636535258,28.47768344027627,22.23207339800454,4509.748733147178,88.93256474349268,1.278337818058394,0.3315503896982813,443,SIM_ATTACK
0.682816853906842,18,407.1810844195069,17.974218473875503,8.387169498624331,596.3254745247682,22.62117135663927,0.4943619922252818,2.210882410718782,443,NORMAL
1.9843085071052204,13,2479.545339479932,3.144583305761742,3.406817322442418,1249.5765303638095,190.73425688307168,1.0847923010831297,3.077680824103018,80,NORMAL
1.8108972162499037,34,10379.636952460294,9.211536699148573,9.563686817075554,5731.764817638278,305.283439778244,0.5842202618002929,0.5005595933455544,80,SIM_ATTACK
0.6722882109829715,13,1347.5539450520118,11.73829964431892,7.598645117797814,2004.4289384187107,103.65799577323168,1.0178092949179367,0.46031899824713135,80,NORMAL
1.7332353824041162,11,2187.758508279691,2.8792458011027176,3.4672666874331712,1262.2396995179731,198.88713711633554,0.8156328953293766,1.13987847804014,80,NORMAL
0.3426282442925154,37,319.46828308728874,64.6190415822737,43.3697206296694,932.4049853127283,8.634277921278073,1.1581580684056496,0.7339223308042103,443,SIM_ATTACK
1.6856813950152865,45,1321.179531172086,16.36617824734345,10.329257873069995,783.7658617333823,29.359545137157465,1.6693183365408608,1.0008143265367293,3389,SIM_ATTACK
1.229915100091699,14,1611.2620887705918,5.192768191284526,6.190131326703503,1310.0596038299398,115.09014919789942,1.2417582761649435,0.9736393522169062,443,NORMAL
2.318471911081348,9,2987.5684825772814,2.577022227767369,1.304844943874297,1288.5937795053394,331.95205361969795,0.6818644117087332,2.3659596281631763,80,NORMAL
2.3638428930799433,41,11688.23281207696,9.768077124577687,7.576561184518862,4944.589526780227,285.0788490750478,1.1444171569750787,0.39944850300954055,443,SIM_ATTACK
1.4736077218021382,32,11273.774403879768,11.999754013294561,9.715658797426753,7650.458284849774,352.30545012124276,0.7319471495080511,0.3989614109408943,80,SIM_ATTACK
0.8229129120545188,13,832.7535273666671,10.407104960823698,5.390435470937977,1011.9582706359289,64.05796364358977,0.6861457955023296,0.9892208452552412,443,NORMAL
0.5679747060134719,37,3062.276297038844,41.045467137272766,24.098278892717502,5391.571604539392,82.76422424429308,1.6004248807587287,0.29610967311810293,80,SIM_ATTACK
0.6041417187896779,18,668.309149972815,16.5602961554271,13.234037591397634,1106.2125477970442,37.128286109600836,1.1875393165688823,0.5286087618606488,443,NORMAL
0.6073146601847613,34,2056.811310870848,32.484434553960995,23.499723624694354,3386.730875630618,60.494450319730824,0.529502653036557,1.1439175669538908,3389,SIM_ATTACK
0.6509931782771051,34,1211.9574259750098,24.24224581552971,27.98564402193858,1861.7052626918953,35.64580664632382,1.4257890879212594,1.2729275000827214,3389,SIM_ATTACK
1.0062666129354263,14,1271.4113948169895,8.552128471621831,5.360685309568783,1263.4935696694708,90.81509962978497,0.7536728277965019,0.9905369654103365,80,NORMAL
1.510019054080218,33,7389.567418016073,12.988281204571766,8.865747664024823,4893.691505447395,223.92628539442646,1.547692032686545,1.2731741091703572,22,SIM_ATTACK
2.1289187391686655,7,1139.016383931393,2.4453024191983608,0.842751686020081,535.0210710138117,162.71662627591328,0.9921433146418873,3.205972244653631,22,NORMAL
1.7347136082364811,36,4548.863729543794,14.895789968417555,5.856915163467464,2622.2563240096974,126.35732582066095,0.7360320204561053,0.38090881228799806,443,SIM_ATTACK
0.8636429971383116,13,933.8301704769063,8.811504268920112,6.241011693202674,1081.2687343858058,71.8330900366851,0.7420529173782192,0.9516997882428228,80,NORMAL
1.093778064659941,12,1113.312521005585,5.182856938973103,5.788290122502149,1017.8596161111691,92.77604341713209,0.6251510123975064,0.63569729060504,443,NORMAL
0.4769161062078508,33,1256.8669183236216,39.76394233713391,29.430617398741006,2635.4046381814805,38.08687631283702,0.6295589867748062,1.7543336652124861,443,SIM_ATTACK
0.7981163734928928,27,1852.4653508058036,18.744524862270165,15.085128176717934,2321.0466697965817,68.60982780762235,1.1528624108088854,1.1605610367586856,22,SIM_ATTACK
0.6443456845316817,33,2415.775812302622,32.50701504432354,18.707730071855522,3749.1921965124,73.205327645534,0.6134292935010007,1.5539968857993414,22,SIM_ATTACK
0.08914188440827288,27,748.39505776594,151.6138299962006,151.27409052765864,8395.548991742928,27.718335472812594,0.6477585590366997,0.816737992949203,3389,SIM_ATTACK
0.7543051855215898,27,3403.7097297382215,16.220895684641206,19.573634855845455,4512.377476743199,126.06332332363783,0.7030663757236425,1.1959346047922286,80,SIM_ATTACK
0.7025356541207305,32,2237.3378710382676,20.810526736735945,24.738762914691215,3184.66096050092,69.91680846994586,0.48541671032043987,1.3231512635853926,3389,SIM_ATTACK
0.6120081314254715,20,554.839495689305,23.171181520659616,9.508122843183692,906.5884376356063,27.74197478446525,1.0361545846693603,2.2281660945426447,80,NORMAL
0.8323366934189903,42,1264.8942622027569,30.213180680190213,20.247168277244974,1519.690615833539,30.116530052446592,0.8229694226088815,3.4171131090864675,22,SIM_ATTACK
0.5633605440257675,36,3065.952464770093,40.14903307821767,23.7532056954537,5442.256290901798,85.16534624361368,1.1390701607020866,2.279790970774664,3389,SIM_ATTACK
